position	page_id	cell_ordinal	cell_id	damage_class	level	lighting	sequence	q	payload_id	lineage	profile	template	master_path	master_sha256	scheduled_slot_1	scheduled_slot_2	scheduled_slot_3
001	P1-c00-S01-q00-T0-Rs72_60-R	00	baseline-0-dim-S01	baseline	0	dim	S01	00	T0-Rs72_60	T0	RS(72,60)	recipe	artifacts/cloakvault/m19/phase1/masters/q00-T0-Rs72_60-recipe.pdf	188aad99a17795470f03bd936102c592b620377e9c26a070a9423d1fc6512a85	P1-c00-S01-q00-T0-Rs72_60-R-A01	P1-c00-S01-q00-T0-Rs72_60-R-A02	P1-c00-S01-q00-T0-Rs72_60-R-A03
002	P1-c00-S01-q01-T0-Rs76_60-T	00	baseline-0-dim-S01	baseline	0	dim	S01	01	T0-Rs76_60	T0	RS(76,60)	travel	artifacts/cloakvault/m19/phase1/masters/q01-T0-Rs76_60-travel.pdf	b72dc6d498a13f3aa19b0f769005fa0a788d18432ea4a481003c58c0419cec97	P1-c00-S01-q01-T0-Rs76_60-T-A01	P1-c00-S01-q01-T0-Rs76_60-T-A02	P1-c00-S01-q01-T0-Rs76_60-T-A03
003	P1-c00-S01-q02-T0-Rs80_60-R	00	baseline-0-dim-S01	baseline	0	dim	S01	02	T0-Rs80_60	T0	RS(80,60)	recipe	artifacts/cloakvault/m19/phase1/masters/q02-T0-Rs80_60-recipe.pdf	3a91074da75e06c9058cb528fce1b33f92205f4cc3250e9df4601c4ee2eb91c6	P1-c00-S01-q02-T0-Rs80_60-R-A01	P1-c00-S01-q02-T0-Rs80_60-R-A02	P1-c00-S01-q02-T0-Rs80_60-R-A03
004	P1-c00-S01-q09-T3-Rs72_60-T	00	baseline-0-dim-S01	baseline	0	dim	S01	09	T3-Rs72_60	T3	RS(72,60)	travel	artifacts/cloakvault/m19/phase1/masters/q09-T3-Rs72_60-travel.pdf	d27bf7cdb76852815cff2c019dd1f6b5b3042a161179bb6a715b39bfc40d3e61	P1-c00-S01-q09-T3-Rs72_60-T-A01	P1-c00-S01-q09-T3-Rs72_60-T-A02	P1-c00-S01-q09-T3-Rs72_60-T-A03
005	P1-c00-S01-q10-T3-Rs76_60-R	00	baseline-0-dim-S01	baseline	0	dim	S01	10	T3-Rs76_60	T3	RS(76,60)	recipe	artifacts/cloakvault/m19/phase1/masters/q10-T3-Rs76_60-recipe.pdf	e3f7fe2391c0860ae1f9b233dc56ef438d643e85234a3ff6c41d79f5d0060fe3	P1-c00-S01-q10-T3-Rs76_60-R-A01	P1-c00-S01-q10-T3-Rs76_60-R-A02	P1-c00-S01-q10-T3-Rs76_60-R-A03
006	P1-c00-S01-q11-T3-Rs80_60-T	00	baseline-0-dim-S01	baseline	0	dim	S01	11	T3-Rs80_60	T3	RS(80,60)	travel	artifacts/cloakvault/m19/phase1/masters/q11-T3-Rs80_60-travel.pdf	82f2ce1789c4b0eda75a89a890e2f7aeb30e47a0b1ebb037e1902707ce5d8e2c	P1-c00-S01-q11-T3-Rs80_60-T-A01	P1-c00-S01-q11-T3-Rs80_60-T-A02	P1-c00-S01-q11-T3-Rs80_60-T-A03
007	P1-c01-S02-q00-T0-Rs72_60-T	01	baseline-0-glare-S02	baseline	0	glare	S02	00	T0-Rs72_60	T0	RS(72,60)	travel	artifacts/cloakvault/m19/phase1/masters/q00-T0-Rs72_60-travel.pdf	2473c54f38538eb92a1074dac5ac04272f29c2b36163851e6178c06ccd4cad75	P1-c01-S02-q00-T0-Rs72_60-T-A01	P1-c01-S02-q00-T0-Rs72_60-T-A02	P1-c01-S02-q00-T0-Rs72_60-T-A03
008	P1-c01-S02-q01-T0-Rs76_60-R	01	baseline-0-glare-S02	baseline	0	glare	S02	01	T0-Rs76_60	T0	RS(76,60)	recipe	artifacts/cloakvault/m19/phase1/masters/q01-T0-Rs76_60-recipe.pdf	6bf0980b521d6acc1053c97215c781487ce71e2f96363d63215b8e31dd11e3d7	P1-c01-S02-q01-T0-Rs76_60-R-A01	P1-c01-S02-q01-T0-Rs76_60-R-A02	P1-c01-S02-q01-T0-Rs76_60-R-A03
009	P1-c01-S02-q02-T0-Rs80_60-T	01	baseline-0-glare-S02	baseline	0	glare	S02	02	T0-Rs80_60	T0	RS(80,60)	travel	artifacts/cloakvault/m19/phase1/masters/q02-T0-Rs80_60-travel.pdf	5bee4160140ddedd3f2bff2ac79aa17c79a151325a5bba9d6bb32180ea9ffd0a	P1-c01-S02-q02-T0-Rs80_60-T-A01	P1-c01-S02-q02-T0-Rs80_60-T-A02	P1-c01-S02-q02-T0-Rs80_60-T-A03
010	P1-c01-S02-q09-T3-Rs72_60-R	01	baseline-0-glare-S02	baseline	0	glare	S02	09	T3-Rs72_60	T3	RS(72,60)	recipe	artifacts/cloakvault/m19/phase1/masters/q09-T3-Rs72_60-recipe.pdf	6f8502b2ecd69a8fc3d6bac2ea6edfd1b1fceb43ba5f086698083fc56239959b	P1-c01-S02-q09-T3-Rs72_60-R-A01	P1-c01-S02-q09-T3-Rs72_60-R-A02	P1-c01-S02-q09-T3-Rs72_60-R-A03
011	P1-c01-S02-q10-T3-Rs76_60-T	01	baseline-0-glare-S02	baseline	0	glare	S02	10	T3-Rs76_60	T3	RS(76,60)	travel	artifacts/cloakvault/m19/phase1/masters/q10-T3-Rs76_60-travel.pdf	3333208350f39a53f51d20d4d334b92cb03825f9cd8b7a48865518ea6c3ea993	P1-c01-S02-q10-T3-Rs76_60-T-A01	P1-c01-S02-q10-T3-Rs76_60-T-A02	P1-c01-S02-q10-T3-Rs76_60-T-A03
012	P1-c01-S02-q11-T3-Rs80_60-R	01	baseline-0-glare-S02	baseline	0	glare	S02	11	T3-Rs80_60	T3	RS(80,60)	recipe	artifacts/cloakvault/m19/phase1/masters/q11-T3-Rs80_60-recipe.pdf	0376cf6b06a9dad165fcc3f84c4bc1f19c7867dc4460707a79a7a4b535338ea5	P1-c01-S02-q11-T3-Rs80_60-R-A01	P1-c01-S02-q11-T3-Rs80_60-R-A02	P1-c01-S02-q11-T3-Rs80_60-R-A03
013	P1-c02-S01-q00-T0-Rs72_60-R	02	baseline-0-std-S01	baseline	0	std	S01	00	T0-Rs72_60	T0	RS(72,60)	recipe	artifacts/cloakvault/m19/phase1/masters/q00-T0-Rs72_60-recipe.pdf	188aad99a17795470f03bd936102c592b620377e9c26a070a9423d1fc6512a85	P1-c02-S01-q00-T0-Rs72_60-R-A01	P1-c02-S01-q00-T0-Rs72_60-R-A02	P1-c02-S01-q00-T0-Rs72_60-R-A03
014	P1-c02-S01-q01-T0-Rs76_60-T	02	baseline-0-std-S01	baseline	0	std	S01	01	T0-Rs76_60	T0	RS(76,60)	travel	artifacts/cloakvault/m19/phase1/masters/q01-T0-Rs76_60-travel.pdf	b72dc6d498a13f3aa19b0f769005fa0a788d18432ea4a481003c58c0419cec97	P1-c02-S01-q01-T0-Rs76_60-T-A01	P1-c02-S01-q01-T0-Rs76_60-T-A02	P1-c02-S01-q01-T0-Rs76_60-T-A03
015	P1-c02-S01-q02-T0-Rs80_60-R	02	baseline-0-std-S01	baseline	0	std	S01	02	T0-Rs80_60	T0	RS(80,60)	recipe	artifacts/cloakvault/m19/phase1/masters/q02-T0-Rs80_60-recipe.pdf	3a91074da75e06c9058cb528fce1b33f92205f4cc3250e9df4601c4ee2eb91c6	P1-c02-S01-q02-T0-Rs80_60-R-A01	P1-c02-S01-q02-T0-Rs80_60-R-A02	P1-c02-S01-q02-T0-Rs80_60-R-A03
016	P1-c02-S01-q09-T3-Rs72_60-T	02	baseline-0-std-S01	baseline	0	std	S01	09	T3-Rs72_60	T3	RS(72,60)	travel	artifacts/cloakvault/m19/phase1/masters/q09-T3-Rs72_60-travel.pdf	d27bf7cdb76852815cff2c019dd1f6b5b3042a161179bb6a715b39bfc40d3e61	P1-c02-S01-q09-T3-Rs72_60-T-A01	P1-c02-S01-q09-T3-Rs72_60-T-A02	P1-c02-S01-q09-T3-Rs72_60-T-A03
017	P1-c02-S01-q10-T3-Rs76_60-R	02	baseline-0-std-S01	baseline	0	std	S01	10	T3-Rs76_60	T3	RS(76,60)	recipe	artifacts/cloakvault/m19/phase1/masters/q10-T3-Rs76_60-recipe.pdf	e3f7fe2391c0860ae1f9b233dc56ef438d643e85234a3ff6c41d79f5d0060fe3	P1-c02-S01-q10-T3-Rs76_60-R-A01	P1-c02-S01-q10-T3-Rs76_60-R-A02	P1-c02-S01-q10-T3-Rs76_60-R-A03
018	P1-c02-S01-q11-T3-Rs80_60-T	02	baseline-0-std-S01	baseline	0	std	S01	11	T3-Rs80_60	T3	RS(80,60)	travel	artifacts/cloakvault/m19/phase1/masters/q11-T3-Rs80_60-travel.pdf	82f2ce1789c4b0eda75a89a890e2f7aeb30e47a0b1ebb037e1902707ce5d8e2c	P1-c02-S01-q11-T3-Rs80_60-T-A01	P1-c02-S01-q11-T3-Rs80_60-T-A02	P1-c02-S01-q11-T3-Rs80_60-T-A03
019	P1-c03-S02-q00-T0-Rs72_60-T	03	baseline-0-std-S02	baseline	0	std	S02	00	T0-Rs72_60	T0	RS(72,60)	travel	artifacts/cloakvault/m19/phase1/masters/q00-T0-Rs72_60-travel.pdf	2473c54f38538eb92a1074dac5ac04272f29c2b36163851e6178c06ccd4cad75	P1-c03-S02-q00-T0-Rs72_60-T-A01	P1-c03-S02-q00-T0-Rs72_60-T-A02	P1-c03-S02-q00-T0-Rs72_60-T-A03
020	P1-c03-S02-q01-T0-Rs76_60-R	03	baseline-0-std-S02	baseline	0	std	S02	01	T0-Rs76_60	T0	RS(76,60)	recipe	artifacts/cloakvault/m19/phase1/masters/q01-T0-Rs76_60-recipe.pdf	6bf0980b521d6acc1053c97215c781487ce71e2f96363d63215b8e31dd11e3d7	P1-c03-S02-q01-T0-Rs76_60-R-A01	P1-c03-S02-q01-T0-Rs76_60-R-A02	P1-c03-S02-q01-T0-Rs76_60-R-A03
021	P1-c03-S02-q02-T0-Rs80_60-T	03	baseline-0-std-S02	baseline	0	std	S02	02	T0-Rs80_60	T0	RS(80,60)	travel	artifacts/cloakvault/m19/phase1/masters/q02-T0-Rs80_60-travel.pdf	5bee4160140ddedd3f2bff2ac79aa17c79a151325a5bba9d6bb32180ea9ffd0a	P1-c03-S02-q02-T0-Rs80_60-T-A01	P1-c03-S02-q02-T0-Rs80_60-T-A02	P1-c03-S02-q02-T0-Rs80_60-T-A03
022	P1-c03-S02-q09-T3-Rs72_60-R	03	baseline-0-std-S02	baseline	0	std	S02	09	T3-Rs72_60	T3	RS(72,60)	recipe	artifacts/cloakvault/m19/phase1/masters/q09-T3-Rs72_60-recipe.pdf	6f8502b2ecd69a8fc3d6bac2ea6edfd1b1fceb43ba5f086698083fc56239959b	P1-c03-S02-q09-T3-Rs72_60-R-A01	P1-c03-S02-q09-T3-Rs72_60-R-A02	P1-c03-S02-q09-T3-Rs72_60-R-A03
023	P1-c03-S02-q10-T3-Rs76_60-T	03	baseline-0-std-S02	baseline	0	std	S02	10	T3-Rs76_60	T3	RS(76,60)	travel	artifacts/cloakvault/m19/phase1/masters/q10-T3-Rs76_60-travel.pdf	3333208350f39a53f51d20d4d334b92cb03825f9cd8b7a48865518ea6c3ea993	P1-c03-S02-q10-T3-Rs76_60-T-A01	P1-c03-S02-q10-T3-Rs76_60-T-A02	P1-c03-S02-q10-T3-Rs76_60-T-A03
024	P1-c03-S02-q11-T3-Rs80_60-R	03	baseline-0-std-S02	baseline	0	std	S02	11	T3-Rs80_60	T3	RS(80,60)	recipe	artifacts/cloakvault/m19/phase1/masters/q11-T3-Rs80_60-recipe.pdf	0376cf6b06a9dad165fcc3f84c4bc1f19c7867dc4460707a79a7a4b535338ea5	P1-c03-S02-q11-T3-Rs80_60-R-A01	P1-c03-S02-q11-T3-Rs80_60-R-A02	P1-c03-S02-q11-T3-Rs80_60-R-A03
025	P1-c04-S03-q00-T0-Rs72_60-R	04	coffee-1-S03	coffee	1	std	S03	00	T0-Rs72_60	T0	RS(72,60)	recipe	artifacts/cloakvault/m19/phase1/masters/q00-T0-Rs72_60-recipe.pdf	188aad99a17795470f03bd936102c592b620377e9c26a070a9423d1fc6512a85	P1-c04-S03-q00-T0-Rs72_60-R-A01	P1-c04-S03-q00-T0-Rs72_60-R-A02	P1-c04-S03-q00-T0-Rs72_60-R-A03
026	P1-c04-S03-q01-T0-Rs76_60-T	04	coffee-1-S03	coffee	1	std	S03	01	T0-Rs76_60	T0	RS(76,60)	travel	artifacts/cloakvault/m19/phase1/masters/q01-T0-Rs76_60-travel.pdf	b72dc6d498a13f3aa19b0f769005fa0a788d18432ea4a481003c58c0419cec97	P1-c04-S03-q01-T0-Rs76_60-T-A01	P1-c04-S03-q01-T0-Rs76_60-T-A02	P1-c04-S03-q01-T0-Rs76_60-T-A03
027	P1-c04-S03-q02-T0-Rs80_60-R	04	coffee-1-S03	coffee	1	std	S03	02	T0-Rs80_60	T0	RS(80,60)	recipe	artifacts/cloakvault/m19/phase1/masters/q02-T0-Rs80_60-recipe.pdf	3a91074da75e06c9058cb528fce1b33f92205f4cc3250e9df4601c4ee2eb91c6	P1-c04-S03-q02-T0-Rs80_60-R-A01	P1-c04-S03-q02-T0-Rs80_60-R-A02	P1-c04-S03-q02-T0-Rs80_60-R-A03
028	P1-c04-S03-q09-T3-Rs72_60-T	04	coffee-1-S03	coffee	1	std	S03	09	T3-Rs72_60	T3	RS(72,60)	travel	artifacts/cloakvault/m19/phase1/masters/q09-T3-Rs72_60-travel.pdf	d27bf7cdb76852815cff2c019dd1f6b5b3042a161179bb6a715b39bfc40d3e61	P1-c04-S03-q09-T3-Rs72_60-T-A01	P1-c04-S03-q09-T3-Rs72_60-T-A02	P1-c04-S03-q09-T3-Rs72_60-T-A03
029	P1-c04-S03-q10-T3-Rs76_60-R	04	coffee-1-S03	coffee	1	std	S03	10	T3-Rs76_60	T3	RS(76,60)	recipe	artifacts/cloakvault/m19/phase1/masters/q10-T3-Rs76_60-recipe.pdf	e3f7fe2391c0860ae1f9b233dc56ef438d643e85234a3ff6c41d79f5d0060fe3	P1-c04-S03-q10-T3-Rs76_60-R-A01	P1-c04-S03-q10-T3-Rs76_60-R-A02	P1-c04-S03-q10-T3-Rs76_60-R-A03
030	P1-c04-S03-q11-T3-Rs80_60-T	04	coffee-1-S03	coffee	1	std	S03	11	T3-Rs80_60	T3	RS(80,60)	travel	artifacts/cloakvault/m19/phase1/masters/q11-T3-Rs80_60-travel.pdf	82f2ce1789c4b0eda75a89a890e2f7aeb30e47a0b1ebb037e1902707ce5d8e2c	P1-c04-S03-q11-T3-Rs80_60-T-A01	P1-c04-S03-q11-T3-Rs80_60-T-A02	P1-c04-S03-q11-T3-Rs80_60-T-A03
031	P1-c05-S04-q00-T0-Rs72_60-T	05	coffee-2-S04	coffee	2	std	S04	00	T0-Rs72_60	T0	RS(72,60)	travel	artifacts/cloakvault/m19/phase1/masters/q00-T0-Rs72_60-travel.pdf	2473c54f38538eb92a1074dac5ac04272f29c2b36163851e6178c06ccd4cad75	P1-c05-S04-q00-T0-Rs72_60-T-A01	P1-c05-S04-q00-T0-Rs72_60-T-A02	P1-c05-S04-q00-T0-Rs72_60-T-A03
032	P1-c05-S04-q01-T0-Rs76_60-R	05	coffee-2-S04	coffee	2	std	S04	01	T0-Rs76_60	T0	RS(76,60)	recipe	artifacts/cloakvault/m19/phase1/masters/q01-T0-Rs76_60-recipe.pdf	6bf0980b521d6acc1053c97215c781487ce71e2f96363d63215b8e31dd11e3d7	P1-c05-S04-q01-T0-Rs76_60-R-A01	P1-c05-S04-q01-T0-Rs76_60-R-A02	P1-c05-S04-q01-T0-Rs76_60-R-A03
033	P1-c05-S04-q02-T0-Rs80_60-T	05	coffee-2-S04	coffee	2	std	S04	02	T0-Rs80_60	T0	RS(80,60)	travel	artifacts/cloakvault/m19/phase1/masters/q02-T0-Rs80_60-travel.pdf	5bee4160140ddedd3f2bff2ac79aa17c79a151325a5bba9d6bb32180ea9ffd0a	P1-c05-S04-q02-T0-Rs80_60-T-A01	P1-c05-S04-q02-T0-Rs80_60-T-A02	P1-c05-S04-q02-T0-Rs80_60-T-A03
034	P1-c05-S04-q09-T3-Rs72_60-R	05	coffee-2-S04	coffee	2	std	S04	09	T3-Rs72_60	T3	RS(72,60)	recipe	artifacts/cloakvault/m19/phase1/masters/q09-T3-Rs72_60-recipe.pdf	6f8502b2ecd69a8fc3d6bac2ea6edfd1b1fceb43ba5f086698083fc56239959b	P1-c05-S04-q09-T3-Rs72_60-R-A01	P1-c05-S04-q09-T3-Rs72_60-R-A02	P1-c05-S04-q09-T3-Rs72_60-R-A03
035	P1-c05-S04-q10-T3-Rs76_60-T	05	coffee-2-S04	coffee	2	std	S04	10	T3-Rs76_60	T3	RS(76,60)	travel	artifacts/cloakvault/m19/phase1/masters/q10-T3-Rs76_60-travel.pdf	3333208350f39a53f51d20d4d334b92cb03825f9cd8b7a48865518ea6c3ea993	P1-c05-S04-q10-T3-Rs76_60-T-A01	P1-c05-S04-q10-T3-Rs76_60-T-A02	P1-c05-S04-q10-T3-Rs76_60-T-A03
036	P1-c05-S04-q11-T3-Rs80_60-R	05	coffee-2-S04	coffee	2	std	S04	11	T3-Rs80_60	T3	RS(80,60)	recipe	artifacts/cloakvault/m19/phase1/masters/q11-T3-Rs80_60-recipe.pdf	0376cf6b06a9dad165fcc3f84c4bc1f19c7867dc4460707a79a7a4b535338ea5	P1-c05-S04-q11-T3-Rs80_60-R-A01	P1-c05-S04-q11-T3-Rs80_60-R-A02	P1-c05-S04-q11-T3-Rs80_60-R-A03
037	P1-c06-S05-q00-T0-Rs72_60-R	06	coffee-3-S05	coffee	3	std	S05	00	T0-Rs72_60	T0	RS(72,60)	recipe	artifacts/cloakvault/m19/phase1/masters/q00-T0-Rs72_60-recipe.pdf	188aad99a17795470f03bd936102c592b620377e9c26a070a9423d1fc6512a85	P1-c06-S05-q00-T0-Rs72_60-R-A01	P1-c06-S05-q00-T0-Rs72_60-R-A02	P1-c06-S05-q00-T0-Rs72_60-R-A03
038	P1-c06-S05-q01-T0-Rs76_60-T	06	coffee-3-S05	coffee	3	std	S05	01	T0-Rs76_60	T0	RS(76,60)	travel	artifacts/cloakvault/m19/phase1/masters/q01-T0-Rs76_60-travel.pdf	b72dc6d498a13f3aa19b0f769005fa0a788d18432ea4a481003c58c0419cec97	P1-c06-S05-q01-T0-Rs76_60-T-A01	P1-c06-S05-q01-T0-Rs76_60-T-A02	P1-c06-S05-q01-T0-Rs76_60-T-A03
039	P1-c06-S05-q02-T0-Rs80_60-R	06	coffee-3-S05	coffee	3	std	S05	02	T0-Rs80_60	T0	RS(80,60)	recipe	artifacts/cloakvault/m19/phase1/masters/q02-T0-Rs80_60-recipe.pdf	3a91074da75e06c9058cb528fce1b33f92205f4cc3250e9df4601c4ee2eb91c6	P1-c06-S05-q02-T0-Rs80_60-R-A01	P1-c06-S05-q02-T0-Rs80_60-R-A02	P1-c06-S05-q02-T0-Rs80_60-R-A03
040	P1-c06-S05-q09-T3-Rs72_60-T	06	coffee-3-S05	coffee	3	std	S05	09	T3-Rs72_60	T3	RS(72,60)	travel	artifacts/cloakvault/m19/phase1/masters/q09-T3-Rs72_60-travel.pdf	d27bf7cdb76852815cff2c019dd1f6b5b3042a161179bb6a715b39bfc40d3e61	P1-c06-S05-q09-T3-Rs72_60-T-A01	P1-c06-S05-q09-T3-Rs72_60-T-A02	P1-c06-S05-q09-T3-Rs72_60-T-A03
041	P1-c06-S05-q10-T3-Rs76_60-R	06	coffee-3-S05	coffee	3	std	S05	10	T3-Rs76_60	T3	RS(76,60)	recipe	artifacts/cloakvault/m19/phase1/masters/q10-T3-Rs76_60-recipe.pdf	e3f7fe2391c0860ae1f9b233dc56ef438d643e85234a3ff6c41d79f5d0060fe3	P1-c06-S05-q10-T3-Rs76_60-R-A01	P1-c06-S05-q10-T3-Rs76_60-R-A02	P1-c06-S05-q10-T3-Rs76_60-R-A03
042	P1-c06-S05-q11-T3-Rs80_60-T	06	coffee-3-S05	coffee	3	std	S05	11	T3-Rs80_60	T3	RS(80,60)	travel	artifacts/cloakvault/m19/phase1/masters/q11-T3-Rs80_60-travel.pdf	82f2ce1789c4b0eda75a89a890e2f7aeb30e47a0b1ebb037e1902707ce5d8e2c	P1-c06-S05-q11-T3-Rs80_60-T-A01	P1-c06-S05-q11-T3-Rs80_60-T-A02	P1-c06-S05-q11-T3-Rs80_60-T-A03
043	P1-c07-S21-q00-T0-Rs72_60-T	07	crumple-1-S21	crumple	1	std	S21	00	T0-Rs72_60	T0	RS(72,60)	travel	artifacts/cloakvault/m19/phase1/masters/q00-T0-Rs72_60-travel.pdf	2473c54f38538eb92a1074dac5ac04272f29c2b36163851e6178c06ccd4cad75	P1-c07-S21-q00-T0-Rs72_60-T-A01	P1-c07-S21-q00-T0-Rs72_60-T-A02	P1-c07-S21-q00-T0-Rs72_60-T-A03
044	P1-c07-S21-q01-T0-Rs76_60-R	07	crumple-1-S21	crumple	1	std	S21	01	T0-Rs76_60	T0	RS(76,60)	recipe	artifacts/cloakvault/m19/phase1/masters/q01-T0-Rs76_60-recipe.pdf	6bf0980b521d6acc1053c97215c781487ce71e2f96363d63215b8e31dd11e3d7	P1-c07-S21-q01-T0-Rs76_60-R-A01	P1-c07-S21-q01-T0-Rs76_60-R-A02	P1-c07-S21-q01-T0-Rs76_60-R-A03
045	P1-c07-S21-q02-T0-Rs80_60-T	07	crumple-1-S21	crumple	1	std	S21	02	T0-Rs80_60	T0	RS(80,60)	travel	artifacts/cloakvault/m19/phase1/masters/q02-T0-Rs80_60-travel.pdf	5bee4160140ddedd3f2bff2ac79aa17c79a151325a5bba9d6bb32180ea9ffd0a	P1-c07-S21-q02-T0-Rs80_60-T-A01	P1-c07-S21-q02-T0-Rs80_60-T-A02	P1-c07-S21-q02-T0-Rs80_60-T-A03
046	P1-c07-S21-q09-T3-Rs72_60-R	07	crumple-1-S21	crumple	1	std	S21	09	T3-Rs72_60	T3	RS(72,60)	recipe	artifacts/cloakvault/m19/phase1/masters/q09-T3-Rs72_60-recipe.pdf	6f8502b2ecd69a8fc3d6bac2ea6edfd1b1fceb43ba5f086698083fc56239959b	P1-c07-S21-q09-T3-Rs72_60-R-A01	P1-c07-S21-q09-T3-Rs72_60-R-A02	P1-c07-S21-q09-T3-Rs72_60-R-A03
047	P1-c07-S21-q10-T3-Rs76_60-T	07	crumple-1-S21	crumple	1	std	S21	10	T3-Rs76_60	T3	RS(76,60)	travel	artifacts/cloakvault/m19/phase1/masters/q10-T3-Rs76_60-travel.pdf	3333208350f39a53f51d20d4d334b92cb03825f9cd8b7a48865518ea6c3ea993	P1-c07-S21-q10-T3-Rs76_60-T-A01	P1-c07-S21-q10-T3-Rs76_60-T-A02	P1-c07-S21-q10-T3-Rs76_60-T-A03
048	P1-c07-S21-q11-T3-Rs80_60-R	07	crumple-1-S21	crumple	1	std	S21	11	T3-Rs80_60	T3	RS(80,60)	recipe	artifacts/cloakvault/m19/phase1/masters/q11-T3-Rs80_60-recipe.pdf	0376cf6b06a9dad165fcc3f84c4bc1f19c7867dc4460707a79a7a4b535338ea5	P1-c07-S21-q11-T3-Rs80_60-R-A01	P1-c07-S21-q11-T3-Rs80_60-R-A02	P1-c07-S21-q11-T3-Rs80_60-R-A03
049	P1-c08-S22-q00-T0-Rs72_60-R	08	crumple-2-S22	crumple	2	std	S22	00	T0-Rs72_60	T0	RS(72,60)	recipe	artifacts/cloakvault/m19/phase1/masters/q00-T0-Rs72_60-recipe.pdf	188aad99a17795470f03bd936102c592b620377e9c26a070a9423d1fc6512a85	P1-c08-S22-q00-T0-Rs72_60-R-A01	P1-c08-S22-q00-T0-Rs72_60-R-A02	P1-c08-S22-q00-T0-Rs72_60-R-A03
050	P1-c08-S22-q01-T0-Rs76_60-T	08	crumple-2-S22	crumple	2	std	S22	01	T0-Rs76_60	T0	RS(76,60)	travel	artifacts/cloakvault/m19/phase1/masters/q01-T0-Rs76_60-travel.pdf	b72dc6d498a13f3aa19b0f769005fa0a788d18432ea4a481003c58c0419cec97	P1-c08-S22-q01-T0-Rs76_60-T-A01	P1-c08-S22-q01-T0-Rs76_60-T-A02	P1-c08-S22-q01-T0-Rs76_60-T-A03
051	P1-c08-S22-q02-T0-Rs80_60-R	08	crumple-2-S22	crumple	2	std	S22	02	T0-Rs80_60	T0	RS(80,60)	recipe	artifacts/cloakvault/m19/phase1/masters/q02-T0-Rs80_60-recipe.pdf	3a91074da75e06c9058cb528fce1b33f92205f4cc3250e9df4601c4ee2eb91c6	P1-c08-S22-q02-T0-Rs80_60-R-A01	P1-c08-S22-q02-T0-Rs80_60-R-A02	P1-c08-S22-q02-T0-Rs80_60-R-A03
052	P1-c08-S22-q09-T3-Rs72_60-T	08	crumple-2-S22	crumple	2	std	S22	09	T3-Rs72_60	T3	RS(72,60)	travel	artifacts/cloakvault/m19/phase1/masters/q09-T3-Rs72_60-travel.pdf	d27bf7cdb76852815cff2c019dd1f6b5b3042a161179bb6a715b39bfc40d3e61	P1-c08-S22-q09-T3-Rs72_60-T-A01	P1-c08-S22-q09-T3-Rs72_60-T-A02	P1-c08-S22-q09-T3-Rs72_60-T-A03
053	P1-c08-S22-q10-T3-Rs76_60-R	08	crumple-2-S22	crumple	2	std	S22	10	T3-Rs76_60	T3	RS(76,60)	recipe	artifacts/cloakvault/m19/phase1/masters/q10-T3-Rs76_60-recipe.pdf	e3f7fe2391c0860ae1f9b233dc56ef438d643e85234a3ff6c41d79f5d0060fe3	P1-c08-S22-q10-T3-Rs76_60-R-A01	P1-c08-S22-q10-T3-Rs76_60-R-A02	P1-c08-S22-q10-T3-Rs76_60-R-A03
054	P1-c08-S22-q11-T3-Rs80_60-T	08	crumple-2-S22	crumple	2	std	S22	11	T3-Rs80_60	T3	RS(80,60)	travel	artifacts/cloakvault/m19/phase1/masters/q11-T3-Rs80_60-travel.pdf	82f2ce1789c4b0eda75a89a890e2f7aeb30e47a0b1ebb037e1902707ce5d8e2c	P1-c08-S22-q11-T3-Rs80_60-T-A01	P1-c08-S22-q11-T3-Rs80_60-T-A02	P1-c08-S22-q11-T3-Rs80_60-T-A03
055	P1-c09-S23-q00-T0-Rs72_60-T	09	edge-1-S23	edge	1	std	S23	00	T0-Rs72_60	T0	RS(72,60)	travel	artifacts/cloakvault/m19/phase1/masters/q00-T0-Rs72_60-travel.pdf	2473c54f38538eb92a1074dac5ac04272f29c2b36163851e6178c06ccd4cad75	P1-c09-S23-q00-T0-Rs72_60-T-A01	P1-c09-S23-q00-T0-Rs72_60-T-A02	P1-c09-S23-q00-T0-Rs72_60-T-A03
056	P1-c09-S23-q01-T0-Rs76_60-R	09	edge-1-S23	edge	1	std	S23	01	T0-Rs76_60	T0	RS(76,60)	recipe	artifacts/cloakvault/m19/phase1/masters/q01-T0-Rs76_60-recipe.pdf	6bf0980b521d6acc1053c97215c781487ce71e2f96363d63215b8e31dd11e3d7	P1-c09-S23-q01-T0-Rs76_60-R-A01	P1-c09-S23-q01-T0-Rs76_60-R-A02	P1-c09-S23-q01-T0-Rs76_60-R-A03
057	P1-c09-S23-q02-T0-Rs80_60-T	09	edge-1-S23	edge	1	std	S23	02	T0-Rs80_60	T0	RS(80,60)	travel	artifacts/cloakvault/m19/phase1/masters/q02-T0-Rs80_60-travel.pdf	5bee4160140ddedd3f2bff2ac79aa17c79a151325a5bba9d6bb32180ea9ffd0a	P1-c09-S23-q02-T0-Rs80_60-T-A01	P1-c09-S23-q02-T0-Rs80_60-T-A02	P1-c09-S23-q02-T0-Rs80_60-T-A03
058	P1-c09-S23-q09-T3-Rs72_60-R	09	edge-1-S23	edge	1	std	S23	09	T3-Rs72_60	T3	RS(72,60)	recipe	artifacts/cloakvault/m19/phase1/masters/q09-T3-Rs72_60-recipe.pdf	6f8502b2ecd69a8fc3d6bac2ea6edfd1b1fceb43ba5f086698083fc56239959b	P1-c09-S23-q09-T3-Rs72_60-R-A01	P1-c09-S23-q09-T3-Rs72_60-R-A02	P1-c09-S23-q09-T3-Rs72_60-R-A03
059	P1-c09-S23-q10-T3-Rs76_60-T	09	edge-1-S23	edge	1	std	S23	10	T3-Rs76_60	T3	RS(76,60)	travel	artifacts/cloakvault/m19/phase1/masters/q10-T3-Rs76_60-travel.pdf	3333208350f39a53f51d20d4d334b92cb03825f9cd8b7a48865518ea6c3ea993	P1-c09-S23-q10-T3-Rs76_60-T-A01	P1-c09-S23-q10-T3-Rs76_60-T-A02	P1-c09-S23-q10-T3-Rs76_60-T-A03
060	P1-c09-S23-q11-T3-Rs80_60-R	09	edge-1-S23	edge	1	std	S23	11	T3-Rs80_60	T3	RS(80,60)	recipe	artifacts/cloakvault/m19/phase1/masters/q11-T3-Rs80_60-recipe.pdf	0376cf6b06a9dad165fcc3f84c4bc1f19c7867dc4460707a79a7a4b535338ea5	P1-c09-S23-q11-T3-Rs80_60-R-A01	P1-c09-S23-q11-T3-Rs80_60-R-A02	P1-c09-S23-q11-T3-Rs80_60-R-A03
061	P1-c10-S24-q00-T0-Rs72_60-R	10	edge-2-S24	edge	2	std	S24	00	T0-Rs72_60	T0	RS(72,60)	recipe	artifacts/cloakvault/m19/phase1/masters/q00-T0-Rs72_60-recipe.pdf	188aad99a17795470f03bd936102c592b620377e9c26a070a9423d1fc6512a85	P1-c10-S24-q00-T0-Rs72_60-R-A01	P1-c10-S24-q00-T0-Rs72_60-R-A02	P1-c10-S24-q00-T0-Rs72_60-R-A03
062	P1-c10-S24-q01-T0-Rs76_60-T	10	edge-2-S24	edge	2	std	S24	01	T0-Rs76_60	T0	RS(76,60)	travel	artifacts/cloakvault/m19/phase1/masters/q01-T0-Rs76_60-travel.pdf	b72dc6d498a13f3aa19b0f769005fa0a788d18432ea4a481003c58c0419cec97	P1-c10-S24-q01-T0-Rs76_60-T-A01	P1-c10-S24-q01-T0-Rs76_60-T-A02	P1-c10-S24-q01-T0-Rs76_60-T-A03
063	P1-c10-S24-q02-T0-Rs80_60-R	10	edge-2-S24	edge	2	std	S24	02	T0-Rs80_60	T0	RS(80,60)	recipe	artifacts/cloakvault/m19/phase1/masters/q02-T0-Rs80_60-recipe.pdf	3a91074da75e06c9058cb528fce1b33f92205f4cc3250e9df4601c4ee2eb91c6	P1-c10-S24-q02-T0-Rs80_60-R-A01	P1-c10-S24-q02-T0-Rs80_60-R-A02	P1-c10-S24-q02-T0-Rs80_60-R-A03
064	P1-c10-S24-q09-T3-Rs72_60-T	10	edge-2-S24	edge	2	std	S24	09	T3-Rs72_60	T3	RS(72,60)	travel	artifacts/cloakvault/m19/phase1/masters/q09-T3-Rs72_60-travel.pdf	d27bf7cdb76852815cff2c019dd1f6b5b3042a161179bb6a715b39bfc40d3e61	P1-c10-S24-q09-T3-Rs72_60-T-A01	P1-c10-S24-q09-T3-Rs72_60-T-A02	P1-c10-S24-q09-T3-Rs72_60-T-A03
065	P1-c10-S24-q10-T3-Rs76_60-R	10	edge-2-S24	edge	2	std	S24	10	T3-Rs76_60	T3	RS(76,60)	recipe	artifacts/cloakvault/m19/phase1/masters/q10-T3-Rs76_60-recipe.pdf	e3f7fe2391c0860ae1f9b233dc56ef438d643e85234a3ff6c41d79f5d0060fe3	P1-c10-S24-q10-T3-Rs76_60-R-A01	P1-c10-S24-q10-T3-Rs76_60-R-A02	P1-c10-S24-q10-T3-Rs76_60-R-A03
066	P1-c10-S24-q11-T3-Rs80_60-T	10	edge-2-S24	edge	2	std	S24	11	T3-Rs80_60	T3	RS(80,60)	travel	artifacts/cloakvault/m19/phase1/masters/q11-T3-Rs80_60-travel.pdf	82f2ce1789c4b0eda75a89a890e2f7aeb30e47a0b1ebb037e1902707ce5d8e2c	P1-c10-S24-q11-T3-Rs80_60-T-A01	P1-c10-S24-q11-T3-Rs80_60-T-A02	P1-c10-S24-q11-T3-Rs80_60-T-A03
067	P1-c11-S25-q00-T0-Rs72_60-T	11	edge-3-S25	edge	3	std	S25	00	T0-Rs72_60	T0	RS(72,60)	travel	artifacts/cloakvault/m19/phase1/masters/q00-T0-Rs72_60-travel.pdf	2473c54f38538eb92a1074dac5ac04272f29c2b36163851e6178c06ccd4cad75	P1-c11-S25-q00-T0-Rs72_60-T-A01	P1-c11-S25-q00-T0-Rs72_60-T-A02	P1-c11-S25-q00-T0-Rs72_60-T-A03
068	P1-c11-S25-q01-T0-Rs76_60-R	11	edge-3-S25	edge	3	std	S25	01	T0-Rs76_60	T0	RS(76,60)	recipe	artifacts/cloakvault/m19/phase1/masters/q01-T0-Rs76_60-recipe.pdf	6bf0980b521d6acc1053c97215c781487ce71e2f96363d63215b8e31dd11e3d7	P1-c11-S25-q01-T0-Rs76_60-R-A01	P1-c11-S25-q01-T0-Rs76_60-R-A02	P1-c11-S25-q01-T0-Rs76_60-R-A03
069	P1-c11-S25-q02-T0-Rs80_60-T	11	edge-3-S25	edge	3	std	S25	02	T0-Rs80_60	T0	RS(80,60)	travel	artifacts/cloakvault/m19/phase1/masters/q02-T0-Rs80_60-travel.pdf	5bee4160140ddedd3f2bff2ac79aa17c79a151325a5bba9d6bb32180ea9ffd0a	P1-c11-S25-q02-T0-Rs80_60-T-A01	P1-c11-S25-q02-T0-Rs80_60-T-A02	P1-c11-S25-q02-T0-Rs80_60-T-A03
070	P1-c11-S25-q09-T3-Rs72_60-R	11	edge-3-S25	edge	3	std	S25	09	T3-Rs72_60	T3	RS(72,60)	recipe	artifacts/cloakvault/m19/phase1/masters/q09-T3-Rs72_60-recipe.pdf	6f8502b2ecd69a8fc3d6bac2ea6edfd1b1fceb43ba5f086698083fc56239959b	P1-c11-S25-q09-T3-Rs72_60-R-A01	P1-c11-S25-q09-T3-Rs72_60-R-A02	P1-c11-S25-q09-T3-Rs72_60-R-A03
071	P1-c11-S25-q10-T3-Rs76_60-T	11	edge-3-S25	edge	3	std	S25	10	T3-Rs76_60	T3	RS(76,60)	travel	artifacts/cloakvault/m19/phase1/masters/q10-T3-Rs76_60-travel.pdf	3333208350f39a53f51d20d4d334b92cb03825f9cd8b7a48865518ea6c3ea993	P1-c11-S25-q10-T3-Rs76_60-T-A01	P1-c11-S25-q10-T3-Rs76_60-T-A02	P1-c11-S25-q10-T3-Rs76_60-T-A03
072	P1-c11-S25-q11-T3-Rs80_60-R	11	edge-3-S25	edge	3	std	S25	11	T3-Rs80_60	T3	RS(80,60)	recipe	artifacts/cloakvault/m19/phase1/masters/q11-T3-Rs80_60-recipe.pdf	0376cf6b06a9dad165fcc3f84c4bc1f19c7867dc4460707a79a7a4b535338ea5	P1-c11-S25-q11-T3-Rs80_60-R-A01	P1-c11-S25-q11-T3-Rs80_60-R-A02	P1-c11-S25-q11-T3-Rs80_60-R-A03
073	P1-c12-S12-q00-T0-Rs72_60-R	12	fade-1-S12	fade	1	std	S12	00	T0-Rs72_60	T0	RS(72,60)	recipe	artifacts/cloakvault/m19/phase1/masters/q00-T0-Rs72_60-recipe.pdf	188aad99a17795470f03bd936102c592b620377e9c26a070a9423d1fc6512a85	P1-c12-S12-q00-T0-Rs72_60-R-A01	P1-c12-S12-q00-T0-Rs72_60-R-A02	P1-c12-S12-q00-T0-Rs72_60-R-A03
074	P1-c12-S12-q01-T0-Rs76_60-T	12	fade-1-S12	fade	1	std	S12	01	T0-Rs76_60	T0	RS(76,60)	travel	artifacts/cloakvault/m19/phase1/masters/q01-T0-Rs76_60-travel.pdf	b72dc6d498a13f3aa19b0f769005fa0a788d18432ea4a481003c58c0419cec97	P1-c12-S12-q01-T0-Rs76_60-T-A01	P1-c12-S12-q01-T0-Rs76_60-T-A02	P1-c12-S12-q01-T0-Rs76_60-T-A03
075	P1-c12-S12-q02-T0-Rs80_60-R	12	fade-1-S12	fade	1	std	S12	02	T0-Rs80_60	T0	RS(80,60)	recipe	artifacts/cloakvault/m19/phase1/masters/q02-T0-Rs80_60-recipe.pdf	3a91074da75e06c9058cb528fce1b33f92205f4cc3250e9df4601c4ee2eb91c6	P1-c12-S12-q02-T0-Rs80_60-R-A01	P1-c12-S12-q02-T0-Rs80_60-R-A02	P1-c12-S12-q02-T0-Rs80_60-R-A03
076	P1-c12-S12-q09-T3-Rs72_60-T	12	fade-1-S12	fade	1	std	S12	09	T3-Rs72_60	T3	RS(72,60)	travel	artifacts/cloakvault/m19/phase1/masters/q09-T3-Rs72_60-travel.pdf	d27bf7cdb76852815cff2c019dd1f6b5b3042a161179bb6a715b39bfc40d3e61	P1-c12-S12-q09-T3-Rs72_60-T-A01	P1-c12-S12-q09-T3-Rs72_60-T-A02	P1-c12-S12-q09-T3-Rs72_60-T-A03
077	P1-c12-S12-q10-T3-Rs76_60-R	12	fade-1-S12	fade	1	std	S12	10	T3-Rs76_60	T3	RS(76,60)	recipe	artifacts/cloakvault/m19/phase1/masters/q10-T3-Rs76_60-recipe.pdf	e3f7fe2391c0860ae1f9b233dc56ef438d643e85234a3ff6c41d79f5d0060fe3	P1-c12-S12-q10-T3-Rs76_60-R-A01	P1-c12-S12-q10-T3-Rs76_60-R-A02	P1-c12-S12-q10-T3-Rs76_60-R-A03
078	P1-c12-S12-q11-T3-Rs80_60-T	12	fade-1-S12	fade	1	std	S12	11	T3-Rs80_60	T3	RS(80,60)	travel	artifacts/cloakvault/m19/phase1/masters/q11-T3-Rs80_60-travel.pdf	82f2ce1789c4b0eda75a89a890e2f7aeb30e47a0b1ebb037e1902707ce5d8e2c	P1-c12-S12-q11-T3-Rs80_60-T-A01	P1-c12-S12-q11-T3-Rs80_60-T-A02	P1-c12-S12-q11-T3-Rs80_60-T-A03
079	P1-c13-S13-q00-T0-Rs72_60-T	13	fade-2-S13	fade	2	std	S13	00	T0-Rs72_60	T0	RS(72,60)	travel	artifacts/cloakvault/m19/phase1/masters/q00-T0-Rs72_60-travel.pdf	2473c54f38538eb92a1074dac5ac04272f29c2b36163851e6178c06ccd4cad75	P1-c13-S13-q00-T0-Rs72_60-T-A01	P1-c13-S13-q00-T0-Rs72_60-T-A02	P1-c13-S13-q00-T0-Rs72_60-T-A03
080	P1-c13-S13-q01-T0-Rs76_60-R	13	fade-2-S13	fade	2	std	S13	01	T0-Rs76_60	T0	RS(76,60)	recipe	artifacts/cloakvault/m19/phase1/masters/q01-T0-Rs76_60-recipe.pdf	6bf0980b521d6acc1053c97215c781487ce71e2f96363d63215b8e31dd11e3d7	P1-c13-S13-q01-T0-Rs76_60-R-A01	P1-c13-S13-q01-T0-Rs76_60-R-A02	P1-c13-S13-q01-T0-Rs76_60-R-A03
081	P1-c13-S13-q02-T0-Rs80_60-T	13	fade-2-S13	fade	2	std	S13	02	T0-Rs80_60	T0	RS(80,60)	travel	artifacts/cloakvault/m19/phase1/masters/q02-T0-Rs80_60-travel.pdf	5bee4160140ddedd3f2bff2ac79aa17c79a151325a5bba9d6bb32180ea9ffd0a	P1-c13-S13-q02-T0-Rs80_60-T-A01	P1-c13-S13-q02-T0-Rs80_60-T-A02	P1-c13-S13-q02-T0-Rs80_60-T-A03
082	P1-c13-S13-q09-T3-Rs72_60-R	13	fade-2-S13	fade	2	std	S13	09	T3-Rs72_60	T3	RS(72,60)	recipe	artifacts/cloakvault/m19/phase1/masters/q09-T3-Rs72_60-recipe.pdf	6f8502b2ecd69a8fc3d6bac2ea6edfd1b1fceb43ba5f086698083fc56239959b	P1-c13-S13-q09-T3-Rs72_60-R-A01	P1-c13-S13-q09-T3-Rs72_60-R-A02	P1-c13-S13-q09-T3-Rs72_60-R-A03
083	P1-c13-S13-q10-T3-Rs76_60-T	13	fade-2-S13	fade	2	std	S13	10	T3-Rs76_60	T3	RS(76,60)	travel	artifacts/cloakvault/m19/phase1/masters/q10-T3-Rs76_60-travel.pdf	3333208350f39a53f51d20d4d334b92cb03825f9cd8b7a48865518ea6c3ea993	P1-c13-S13-q10-T3-Rs76_60-T-A01	P1-c13-S13-q10-T3-Rs76_60-T-A02	P1-c13-S13-q10-T3-Rs76_60-T-A03
084	P1-c13-S13-q11-T3-Rs80_60-R	13	fade-2-S13	fade	2	std	S13	11	T3-Rs80_60	T3	RS(80,60)	recipe	artifacts/cloakvault/m19/phase1/masters/q11-T3-Rs80_60-recipe.pdf	0376cf6b06a9dad165fcc3f84c4bc1f19c7867dc4460707a79a7a4b535338ea5	P1-c13-S13-q11-T3-Rs80_60-R-A01	P1-c13-S13-q11-T3-Rs80_60-R-A02	P1-c13-S13-q11-T3-Rs80_60-R-A03
085	P1-c14-S14-q00-T0-Rs72_60-R	14	fade-3-S14	fade	3	std	S14	00	T0-Rs72_60	T0	RS(72,60)	recipe	artifacts/cloakvault/m19/phase1/masters/q00-T0-Rs72_60-recipe.pdf	188aad99a17795470f03bd936102c592b620377e9c26a070a9423d1fc6512a85	P1-c14-S14-q00-T0-Rs72_60-R-A01	P1-c14-S14-q00-T0-Rs72_60-R-A02	P1-c14-S14-q00-T0-Rs72_60-R-A03
086	P1-c14-S14-q01-T0-Rs76_60-T	14	fade-3-S14	fade	3	std	S14	01	T0-Rs76_60	T0	RS(76,60)	travel	artifacts/cloakvault/m19/phase1/masters/q01-T0-Rs76_60-travel.pdf	b72dc6d498a13f3aa19b0f769005fa0a788d18432ea4a481003c58c0419cec97	P1-c14-S14-q01-T0-Rs76_60-T-A01	P1-c14-S14-q01-T0-Rs76_60-T-A02	P1-c14-S14-q01-T0-Rs76_60-T-A03
087	P1-c14-S14-q02-T0-Rs80_60-R	14	fade-3-S14	fade	3	std	S14	02	T0-Rs80_60	T0	RS(80,60)	recipe	artifacts/cloakvault/m19/phase1/masters/q02-T0-Rs80_60-recipe.pdf	3a91074da75e06c9058cb528fce1b33f92205f4cc3250e9df4601c4ee2eb91c6	P1-c14-S14-q02-T0-Rs80_60-R-A01	P1-c14-S14-q02-T0-Rs80_60-R-A02	P1-c14-S14-q02-T0-Rs80_60-R-A03
088	P1-c14-S14-q09-T3-Rs72_60-T	14	fade-3-S14	fade	3	std	S14	09	T3-Rs72_60	T3	RS(72,60)	travel	artifacts/cloakvault/m19/phase1/masters/q09-T3-Rs72_60-travel.pdf	d27bf7cdb76852815cff2c019dd1f6b5b3042a161179bb6a715b39bfc40d3e61	P1-c14-S14-q09-T3-Rs72_60-T-A01	P1-c14-S14-q09-T3-Rs72_60-T-A02	P1-c14-S14-q09-T3-Rs72_60-T-A03
089	P1-c14-S14-q10-T3-Rs76_60-R	14	fade-3-S14	fade	3	std	S14	10	T3-Rs76_60	T3	RS(76,60)	recipe	artifacts/cloakvault/m19/phase1/masters/q10-T3-Rs76_60-recipe.pdf	e3f7fe2391c0860ae1f9b233dc56ef438d643e85234a3ff6c41d79f5d0060fe3	P1-c14-S14-q10-T3-Rs76_60-R-A01	P1-c14-S14-q10-T3-Rs76_60-R-A02	P1-c14-S14-q10-T3-Rs76_60-R-A03
090	P1-c14-S14-q11-T3-Rs80_60-T	14	fade-3-S14	fade	3	std	S14	11	T3-Rs80_60	T3	RS(80,60)	travel	artifacts/cloakvault/m19/phase1/masters/q11-T3-Rs80_60-travel.pdf	82f2ce1789c4b0eda75a89a890e2f7aeb30e47a0b1ebb037e1902707ce5d8e2c	P1-c14-S14-q11-T3-Rs80_60-T-A01	P1-c14-S14-q11-T3-Rs80_60-T-A02	P1-c14-S14-q11-T3-Rs80_60-T-A03
091	P1-c15-S18-q00-T0-Rs72_60-T	15	fold-1-S18	fold	1	std	S18	00	T0-Rs72_60	T0	RS(72,60)	travel	artifacts/cloakvault/m19/phase1/masters/q00-T0-Rs72_60-travel.pdf	2473c54f38538eb92a1074dac5ac04272f29c2b36163851e6178c06ccd4cad75	P1-c15-S18-q00-T0-Rs72_60-T-A01	P1-c15-S18-q00-T0-Rs72_60-T-A02	P1-c15-S18-q00-T0-Rs72_60-T-A03
092	P1-c15-S18-q01-T0-Rs76_60-R	15	fold-1-S18	fold	1	std	S18	01	T0-Rs76_60	T0	RS(76,60)	recipe	artifacts/cloakvault/m19/phase1/masters/q01-T0-Rs76_60-recipe.pdf	6bf0980b521d6acc1053c97215c781487ce71e2f96363d63215b8e31dd11e3d7	P1-c15-S18-q01-T0-Rs76_60-R-A01	P1-c15-S18-q01-T0-Rs76_60-R-A02	P1-c15-S18-q01-T0-Rs76_60-R-A03
093	P1-c15-S18-q02-T0-Rs80_60-T	15	fold-1-S18	fold	1	std	S18	02	T0-Rs80_60	T0	RS(80,60)	travel	artifacts/cloakvault/m19/phase1/masters/q02-T0-Rs80_60-travel.pdf	5bee4160140ddedd3f2bff2ac79aa17c79a151325a5bba9d6bb32180ea9ffd0a	P1-c15-S18-q02-T0-Rs80_60-T-A01	P1-c15-S18-q02-T0-Rs80_60-T-A02	P1-c15-S18-q02-T0-Rs80_60-T-A03
094	P1-c15-S18-q09-T3-Rs72_60-R	15	fold-1-S18	fold	1	std	S18	09	T3-Rs72_60	T3	RS(72,60)	recipe	artifacts/cloakvault/m19/phase1/masters/q09-T3-Rs72_60-recipe.pdf	6f8502b2ecd69a8fc3d6bac2ea6edfd1b1fceb43ba5f086698083fc56239959b	P1-c15-S18-q09-T3-Rs72_60-R-A01	P1-c15-S18-q09-T3-Rs72_60-R-A02	P1-c15-S18-q09-T3-Rs72_60-R-A03
095	P1-c15-S18-q10-T3-Rs76_60-T	15	fold-1-S18	fold	1	std	S18	10	T3-Rs76_60	T3	RS(76,60)	travel	artifacts/cloakvault/m19/phase1/masters/q10-T3-Rs76_60-travel.pdf	3333208350f39a53f51d20d4d334b92cb03825f9cd8b7a48865518ea6c3ea993	P1-c15-S18-q10-T3-Rs76_60-T-A01	P1-c15-S18-q10-T3-Rs76_60-T-A02	P1-c15-S18-q10-T3-Rs76_60-T-A03
096	P1-c15-S18-q11-T3-Rs80_60-R	15	fold-1-S18	fold	1	std	S18	11	T3-Rs80_60	T3	RS(80,60)	recipe	artifacts/cloakvault/m19/phase1/masters/q11-T3-Rs80_60-recipe.pdf	0376cf6b06a9dad165fcc3f84c4bc1f19c7867dc4460707a79a7a4b535338ea5	P1-c15-S18-q11-T3-Rs80_60-R-A01	P1-c15-S18-q11-T3-Rs80_60-R-A02	P1-c15-S18-q11-T3-Rs80_60-R-A03
097	P1-c16-S19-q00-T0-Rs72_60-R	16	fold-2-S19	fold	2	std	S19	00	T0-Rs72_60	T0	RS(72,60)	recipe	artifacts/cloakvault/m19/phase1/masters/q00-T0-Rs72_60-recipe.pdf	188aad99a17795470f03bd936102c592b620377e9c26a070a9423d1fc6512a85	P1-c16-S19-q00-T0-Rs72_60-R-A01	P1-c16-S19-q00-T0-Rs72_60-R-A02	P1-c16-S19-q00-T0-Rs72_60-R-A03
098	P1-c16-S19-q01-T0-Rs76_60-T	16	fold-2-S19	fold	2	std	S19	01	T0-Rs76_60	T0	RS(76,60)	travel	artifacts/cloakvault/m19/phase1/masters/q01-T0-Rs76_60-travel.pdf	b72dc6d498a13f3aa19b0f769005fa0a788d18432ea4a481003c58c0419cec97	P1-c16-S19-q01-T0-Rs76_60-T-A01	P1-c16-S19-q01-T0-Rs76_60-T-A02	P1-c16-S19-q01-T0-Rs76_60-T-A03
099	P1-c16-S19-q02-T0-Rs80_60-R	16	fold-2-S19	fold	2	std	S19	02	T0-Rs80_60	T0	RS(80,60)	recipe	artifacts/cloakvault/m19/phase1/masters/q02-T0-Rs80_60-recipe.pdf	3a91074da75e06c9058cb528fce1b33f92205f4cc3250e9df4601c4ee2eb91c6	P1-c16-S19-q02-T0-Rs80_60-R-A01	P1-c16-S19-q02-T0-Rs80_60-R-A02	P1-c16-S19-q02-T0-Rs80_60-R-A03
100	P1-c16-S19-q09-T3-Rs72_60-T	16	fold-2-S19	fold	2	std	S19	09	T3-Rs72_60	T3	RS(72,60)	travel	artifacts/cloakvault/m19/phase1/masters/q09-T3-Rs72_60-travel.pdf	d27bf7cdb76852815cff2c019dd1f6b5b3042a161179bb6a715b39bfc40d3e61	P1-c16-S19-q09-T3-Rs72_60-T-A01	P1-c16-S19-q09-T3-Rs72_60-T-A02	P1-c16-S19-q09-T3-Rs72_60-T-A03
101	P1-c16-S19-q10-T3-Rs76_60-R	16	fold-2-S19	fold	2	std	S19	10	T3-Rs76_60	T3	RS(76,60)	recipe	artifacts/cloakvault/m19/phase1/masters/q10-T3-Rs76_60-recipe.pdf	e3f7fe2391c0860ae1f9b233dc56ef438d643e85234a3ff6c41d79f5d0060fe3	P1-c16-S19-q10-T3-Rs76_60-R-A01	P1-c16-S19-q10-T3-Rs76_60-R-A02	P1-c16-S19-q10-T3-Rs76_60-R-A03
102	P1-c16-S19-q11-T3-Rs80_60-T	16	fold-2-S19	fold	2	std	S19	11	T3-Rs80_60	T3	RS(80,60)	travel	artifacts/cloakvault/m19/phase1/masters/q11-T3-Rs80_60-travel.pdf	82f2ce1789c4b0eda75a89a890e2f7aeb30e47a0b1ebb037e1902707ce5d8e2c	P1-c16-S19-q11-T3-Rs80_60-T-A01	P1-c16-S19-q11-T3-Rs80_60-T-A02	P1-c16-S19-q11-T3-Rs80_60-T-A03
103	P1-c17-S20-q00-T0-Rs72_60-T	17	fold-3-S20	fold	3	std	S20	00	T0-Rs72_60	T0	RS(72,60)	travel	artifacts/cloakvault/m19/phase1/masters/q00-T0-Rs72_60-travel.pdf	2473c54f38538eb92a1074dac5ac04272f29c2b36163851e6178c06ccd4cad75	P1-c17-S20-q00-T0-Rs72_60-T-A01	P1-c17-S20-q00-T0-Rs72_60-T-A02	P1-c17-S20-q00-T0-Rs72_60-T-A03
104	P1-c17-S20-q01-T0-Rs76_60-R	17	fold-3-S20	fold	3	std	S20	01	T0-Rs76_60	T0	RS(76,60)	recipe	artifacts/cloakvault/m19/phase1/masters/q01-T0-Rs76_60-recipe.pdf	6bf0980b521d6acc1053c97215c781487ce71e2f96363d63215b8e31dd11e3d7	P1-c17-S20-q01-T0-Rs76_60-R-A01	P1-c17-S20-q01-T0-Rs76_60-R-A02	P1-c17-S20-q01-T0-Rs76_60-R-A03
105	P1-c17-S20-q02-T0-Rs80_60-T	17	fold-3-S20	fold	3	std	S20	02	T0-Rs80_60	T0	RS(80,60)	travel	artifacts/cloakvault/m19/phase1/masters/q02-T0-Rs80_60-travel.pdf	5bee4160140ddedd3f2bff2ac79aa17c79a151325a5bba9d6bb32180ea9ffd0a	P1-c17-S20-q02-T0-Rs80_60-T-A01	P1-c17-S20-q02-T0-Rs80_60-T-A02	P1-c17-S20-q02-T0-Rs80_60-T-A03
106	P1-c17-S20-q09-T3-Rs72_60-R	17	fold-3-S20	fold	3	std	S20	09	T3-Rs72_60	T3	RS(72,60)	recipe	artifacts/cloakvault/m19/phase1/masters/q09-T3-Rs72_60-recipe.pdf	6f8502b2ecd69a8fc3d6bac2ea6edfd1b1fceb43ba5f086698083fc56239959b	P1-c17-S20-q09-T3-Rs72_60-R-A01	P1-c17-S20-q09-T3-Rs72_60-R-A02	P1-c17-S20-q09-T3-Rs72_60-R-A03
107	P1-c17-S20-q10-T3-Rs76_60-T	17	fold-3-S20	fold	3	std	S20	10	T3-Rs76_60	T3	RS(76,60)	travel	artifacts/cloakvault/m19/phase1/masters/q10-T3-Rs76_60-travel.pdf	3333208350f39a53f51d20d4d334b92cb03825f9cd8b7a48865518ea6c3ea993	P1-c17-S20-q10-T3-Rs76_60-T-A01	P1-c17-S20-q10-T3-Rs76_60-T-A02	P1-c17-S20-q10-T3-Rs76_60-T-A03
108	P1-c17-S20-q11-T3-Rs80_60-R	17	fold-3-S20	fold	3	std	S20	11	T3-Rs80_60	T3	RS(80,60)	recipe	artifacts/cloakvault/m19/phase1/masters/q11-T3-Rs80_60-recipe.pdf	0376cf6b06a9dad165fcc3f84c4bc1f19c7867dc4460707a79a7a4b535338ea5	P1-c17-S20-q11-T3-Rs80_60-R-A01	P1-c17-S20-q11-T3-Rs80_60-R-A02	P1-c17-S20-q11-T3-Rs80_60-R-A03
109	P1-c18-S26-q00-T0-Rs72_60-R	18	locate-0-S26	locate	0	std	S26	00	T0-Rs72_60	T0	RS(72,60)	recipe	artifacts/cloakvault/m19/phase1/masters/q00-T0-Rs72_60-recipe.pdf	188aad99a17795470f03bd936102c592b620377e9c26a070a9423d1fc6512a85	P1-c18-S26-q00-T0-Rs72_60-R-A01	P1-c18-S26-q00-T0-Rs72_60-R-A02	P1-c18-S26-q00-T0-Rs72_60-R-A03
110	P1-c18-S26-q01-T0-Rs76_60-T	18	locate-0-S26	locate	0	std	S26	01	T0-Rs76_60	T0	RS(76,60)	travel	artifacts/cloakvault/m19/phase1/masters/q01-T0-Rs76_60-travel.pdf	b72dc6d498a13f3aa19b0f769005fa0a788d18432ea4a481003c58c0419cec97	P1-c18-S26-q01-T0-Rs76_60-T-A01	P1-c18-S26-q01-T0-Rs76_60-T-A02	P1-c18-S26-q01-T0-Rs76_60-T-A03
111	P1-c18-S26-q02-T0-Rs80_60-R	18	locate-0-S26	locate	0	std	S26	02	T0-Rs80_60	T0	RS(80,60)	recipe	artifacts/cloakvault/m19/phase1/masters/q02-T0-Rs80_60-recipe.pdf	3a91074da75e06c9058cb528fce1b33f92205f4cc3250e9df4601c4ee2eb91c6	P1-c18-S26-q02-T0-Rs80_60-R-A01	P1-c18-S26-q02-T0-Rs80_60-R-A02	P1-c18-S26-q02-T0-Rs80_60-R-A03
112	P1-c18-S26-q09-T3-Rs72_60-T	18	locate-0-S26	locate	0	std	S26	09	T3-Rs72_60	T3	RS(72,60)	travel	artifacts/cloakvault/m19/phase1/masters/q09-T3-Rs72_60-travel.pdf	d27bf7cdb76852815cff2c019dd1f6b5b3042a161179bb6a715b39bfc40d3e61	P1-c18-S26-q09-T3-Rs72_60-T-A01	P1-c18-S26-q09-T3-Rs72_60-T-A02	P1-c18-S26-q09-T3-Rs72_60-T-A03
113	P1-c18-S26-q10-T3-Rs76_60-R	18	locate-0-S26	locate	0	std	S26	10	T3-Rs76_60	T3	RS(76,60)	recipe	artifacts/cloakvault/m19/phase1/masters/q10-T3-Rs76_60-recipe.pdf	e3f7fe2391c0860ae1f9b233dc56ef438d643e85234a3ff6c41d79f5d0060fe3	P1-c18-S26-q10-T3-Rs76_60-R-A01	P1-c18-S26-q10-T3-Rs76_60-R-A02	P1-c18-S26-q10-T3-Rs76_60-R-A03
114	P1-c18-S26-q11-T3-Rs80_60-T	18	locate-0-S26	locate	0	std	S26	11	T3-Rs80_60	T3	RS(80,60)	travel	artifacts/cloakvault/m19/phase1/masters/q11-T3-Rs80_60-travel.pdf	82f2ce1789c4b0eda75a89a890e2f7aeb30e47a0b1ebb037e1902707ce5d8e2c	P1-c18-S26-q11-T3-Rs80_60-T-A01	P1-c18-S26-q11-T3-Rs80_60-T-A02	P1-c18-S26-q11-T3-Rs80_60-T-A03
115	P1-c19-S27-q00-T0-Rs72_60-T	19	locate-1-S27	locate	1	std	S27	00	T0-Rs72_60	T0	RS(72,60)	travel	artifacts/cloakvault/m19/phase1/masters/q00-T0-Rs72_60-travel.pdf	2473c54f38538eb92a1074dac5ac04272f29c2b36163851e6178c06ccd4cad75	P1-c19-S27-q00-T0-Rs72_60-T-A01	P1-c19-S27-q00-T0-Rs72_60-T-A02	P1-c19-S27-q00-T0-Rs72_60-T-A03
116	P1-c19-S27-q01-T0-Rs76_60-R	19	locate-1-S27	locate	1	std	S27	01	T0-Rs76_60	T0	RS(76,60)	recipe	artifacts/cloakvault/m19/phase1/masters/q01-T0-Rs76_60-recipe.pdf	6bf0980b521d6acc1053c97215c781487ce71e2f96363d63215b8e31dd11e3d7	P1-c19-S27-q01-T0-Rs76_60-R-A01	P1-c19-S27-q01-T0-Rs76_60-R-A02	P1-c19-S27-q01-T0-Rs76_60-R-A03
117	P1-c19-S27-q02-T0-Rs80_60-T	19	locate-1-S27	locate	1	std	S27	02	T0-Rs80_60	T0	RS(80,60)	travel	artifacts/cloakvault/m19/phase1/masters/q02-T0-Rs80_60-travel.pdf	5bee4160140ddedd3f2bff2ac79aa17c79a151325a5bba9d6bb32180ea9ffd0a	P1-c19-S27-q02-T0-Rs80_60-T-A01	P1-c19-S27-q02-T0-Rs80_60-T-A02	P1-c19-S27-q02-T0-Rs80_60-T-A03
118	P1-c19-S27-q09-T3-Rs72_60-R	19	locate-1-S27	locate	1	std	S27	09	T3-Rs72_60	T3	RS(72,60)	recipe	artifacts/cloakvault/m19/phase1/masters/q09-T3-Rs72_60-recipe.pdf	6f8502b2ecd69a8fc3d6bac2ea6edfd1b1fceb43ba5f086698083fc56239959b	P1-c19-S27-q09-T3-Rs72_60-R-A01	P1-c19-S27-q09-T3-Rs72_60-R-A02	P1-c19-S27-q09-T3-Rs72_60-R-A03
119	P1-c19-S27-q10-T3-Rs76_60-T	19	locate-1-S27	locate	1	std	S27	10	T3-Rs76_60	T3	RS(76,60)	travel	artifacts/cloakvault/m19/phase1/masters/q10-T3-Rs76_60-travel.pdf	3333208350f39a53f51d20d4d334b92cb03825f9cd8b7a48865518ea6c3ea993	P1-c19-S27-q10-T3-Rs76_60-T-A01	P1-c19-S27-q10-T3-Rs76_60-T-A02	P1-c19-S27-q10-T3-Rs76_60-T-A03
120	P1-c19-S27-q11-T3-Rs80_60-R	19	locate-1-S27	locate	1	std	S27	11	T3-Rs80_60	T3	RS(80,60)	recipe	artifacts/cloakvault/m19/phase1/masters/q11-T3-Rs80_60-recipe.pdf	0376cf6b06a9dad165fcc3f84c4bc1f19c7867dc4460707a79a7a4b535338ea5	P1-c19-S27-q11-T3-Rs80_60-R-A01	P1-c19-S27-q11-T3-Rs80_60-R-A02	P1-c19-S27-q11-T3-Rs80_60-R-A03
121	P1-c20-S15-q00-T0-Rs72_60-R	20	scratch-1-S15	scratch	1	std	S15	00	T0-Rs72_60	T0	RS(72,60)	recipe	artifacts/cloakvault/m19/phase1/masters/q00-T0-Rs72_60-recipe.pdf	188aad99a17795470f03bd936102c592b620377e9c26a070a9423d1fc6512a85	P1-c20-S15-q00-T0-Rs72_60-R-A01	P1-c20-S15-q00-T0-Rs72_60-R-A02	P1-c20-S15-q00-T0-Rs72_60-R-A03
122	P1-c20-S15-q01-T0-Rs76_60-T	20	scratch-1-S15	scratch	1	std	S15	01	T0-Rs76_60	T0	RS(76,60)	travel	artifacts/cloakvault/m19/phase1/masters/q01-T0-Rs76_60-travel.pdf	b72dc6d498a13f3aa19b0f769005fa0a788d18432ea4a481003c58c0419cec97	P1-c20-S15-q01-T0-Rs76_60-T-A01	P1-c20-S15-q01-T0-Rs76_60-T-A02	P1-c20-S15-q01-T0-Rs76_60-T-A03
123	P1-c20-S15-q02-T0-Rs80_60-R	20	scratch-1-S15	scratch	1	std	S15	02	T0-Rs80_60	T0	RS(80,60)	recipe	artifacts/cloakvault/m19/phase1/masters/q02-T0-Rs80_60-recipe.pdf	3a91074da75e06c9058cb528fce1b33f92205f4cc3250e9df4601c4ee2eb91c6	P1-c20-S15-q02-T0-Rs80_60-R-A01	P1-c20-S15-q02-T0-Rs80_60-R-A02	P1-c20-S15-q02-T0-Rs80_60-R-A03
124	P1-c20-S15-q09-T3-Rs72_60-T	20	scratch-1-S15	scratch	1	std	S15	09	T3-Rs72_60	T3	RS(72,60)	travel	artifacts/cloakvault/m19/phase1/masters/q09-T3-Rs72_60-travel.pdf	d27bf7cdb76852815cff2c019dd1f6b5b3042a161179bb6a715b39bfc40d3e61	P1-c20-S15-q09-T3-Rs72_60-T-A01	P1-c20-S15-q09-T3-Rs72_60-T-A02	P1-c20-S15-q09-T3-Rs72_60-T-A03
125	P1-c20-S15-q10-T3-Rs76_60-R	20	scratch-1-S15	scratch	1	std	S15	10	T3-Rs76_60	T3	RS(76,60)	recipe	artifacts/cloakvault/m19/phase1/masters/q10-T3-Rs76_60-recipe.pdf	e3f7fe2391c0860ae1f9b233dc56ef438d643e85234a3ff6c41d79f5d0060fe3	P1-c20-S15-q10-T3-Rs76_60-R-A01	P1-c20-S15-q10-T3-Rs76_60-R-A02	P1-c20-S15-q10-T3-Rs76_60-R-A03
126	P1-c20-S15-q11-T3-Rs80_60-T	20	scratch-1-S15	scratch	1	std	S15	11	T3-Rs80_60	T3	RS(80,60)	travel	artifacts/cloakvault/m19/phase1/masters/q11-T3-Rs80_60-travel.pdf	82f2ce1789c4b0eda75a89a890e2f7aeb30e47a0b1ebb037e1902707ce5d8e2c	P1-c20-S15-q11-T3-Rs80_60-T-A01	P1-c20-S15-q11-T3-Rs80_60-T-A02	P1-c20-S15-q11-T3-Rs80_60-T-A03
127	P1-c21-S16-q00-T0-Rs72_60-T	21	scratch-2-S16	scratch	2	std	S16	00	T0-Rs72_60	T0	RS(72,60)	travel	artifacts/cloakvault/m19/phase1/masters/q00-T0-Rs72_60-travel.pdf	2473c54f38538eb92a1074dac5ac04272f29c2b36163851e6178c06ccd4cad75	P1-c21-S16-q00-T0-Rs72_60-T-A01	P1-c21-S16-q00-T0-Rs72_60-T-A02	P1-c21-S16-q00-T0-Rs72_60-T-A03
128	P1-c21-S16-q01-T0-Rs76_60-R	21	scratch-2-S16	scratch	2	std	S16	01	T0-Rs76_60	T0	RS(76,60)	recipe	artifacts/cloakvault/m19/phase1/masters/q01-T0-Rs76_60-recipe.pdf	6bf0980b521d6acc1053c97215c781487ce71e2f96363d63215b8e31dd11e3d7	P1-c21-S16-q01-T0-Rs76_60-R-A01	P1-c21-S16-q01-T0-Rs76_60-R-A02	P1-c21-S16-q01-T0-Rs76_60-R-A03
129	P1-c21-S16-q02-T0-Rs80_60-T	21	scratch-2-S16	scratch	2	std	S16	02	T0-Rs80_60	T0	RS(80,60)	travel	artifacts/cloakvault/m19/phase1/masters/q02-T0-Rs80_60-travel.pdf	5bee4160140ddedd3f2bff2ac79aa17c79a151325a5bba9d6bb32180ea9ffd0a	P1-c21-S16-q02-T0-Rs80_60-T-A01	P1-c21-S16-q02-T0-Rs80_60-T-A02	P1-c21-S16-q02-T0-Rs80_60-T-A03
130	P1-c21-S16-q09-T3-Rs72_60-R	21	scratch-2-S16	scratch	2	std	S16	09	T3-Rs72_60	T3	RS(72,60)	recipe	artifacts/cloakvault/m19/phase1/masters/q09-T3-Rs72_60-recipe.pdf	6f8502b2ecd69a8fc3d6bac2ea6edfd1b1fceb43ba5f086698083fc56239959b	P1-c21-S16-q09-T3-Rs72_60-R-A01	P1-c21-S16-q09-T3-Rs72_60-R-A02	P1-c21-S16-q09-T3-Rs72_60-R-A03
131	P1-c21-S16-q10-T3-Rs76_60-T	21	scratch-2-S16	scratch	2	std	S16	10	T3-Rs76_60	T3	RS(76,60)	travel	artifacts/cloakvault/m19/phase1/masters/q10-T3-Rs76_60-travel.pdf	3333208350f39a53f51d20d4d334b92cb03825f9cd8b7a48865518ea6c3ea993	P1-c21-S16-q10-T3-Rs76_60-T-A01	P1-c21-S16-q10-T3-Rs76_60-T-A02	P1-c21-S16-q10-T3-Rs76_60-T-A03
132	P1-c21-S16-q11-T3-Rs80_60-R	21	scratch-2-S16	scratch	2	std	S16	11	T3-Rs80_60	T3	RS(80,60)	recipe	artifacts/cloakvault/m19/phase1/masters/q11-T3-Rs80_60-recipe.pdf	0376cf6b06a9dad165fcc3f84c4bc1f19c7867dc4460707a79a7a4b535338ea5	P1-c21-S16-q11-T3-Rs80_60-R-A01	P1-c21-S16-q11-T3-Rs80_60-R-A02	P1-c21-S16-q11-T3-Rs80_60-R-A03
133	P1-c22-S17-q00-T0-Rs72_60-R	22	scratch-3-S17	scratch	3	std	S17	00	T0-Rs72_60	T0	RS(72,60)	recipe	artifacts/cloakvault/m19/phase1/masters/q00-T0-Rs72_60-recipe.pdf	188aad99a17795470f03bd936102c592b620377e9c26a070a9423d1fc6512a85	P1-c22-S17-q00-T0-Rs72_60-R-A01	P1-c22-S17-q00-T0-Rs72_60-R-A02	P1-c22-S17-q00-T0-Rs72_60-R-A03
134	P1-c22-S17-q01-T0-Rs76_60-T	22	scratch-3-S17	scratch	3	std	S17	01	T0-Rs76_60	T0	RS(76,60)	travel	artifacts/cloakvault/m19/phase1/masters/q01-T0-Rs76_60-travel.pdf	b72dc6d498a13f3aa19b0f769005fa0a788d18432ea4a481003c58c0419cec97	P1-c22-S17-q01-T0-Rs76_60-T-A01	P1-c22-S17-q01-T0-Rs76_60-T-A02	P1-c22-S17-q01-T0-Rs76_60-T-A03
135	P1-c22-S17-q02-T0-Rs80_60-R	22	scratch-3-S17	scratch	3	std	S17	02	T0-Rs80_60	T0	RS(80,60)	recipe	artifacts/cloakvault/m19/phase1/masters/q02-T0-Rs80_60-recipe.pdf	3a91074da75e06c9058cb528fce1b33f92205f4cc3250e9df4601c4ee2eb91c6	P1-c22-S17-q02-T0-Rs80_60-R-A01	P1-c22-S17-q02-T0-Rs80_60-R-A02	P1-c22-S17-q02-T0-Rs80_60-R-A03
136	P1-c22-S17-q09-T3-Rs72_60-T	22	scratch-3-S17	scratch	3	std	S17	09	T3-Rs72_60	T3	RS(72,60)	travel	artifacts/cloakvault/m19/phase1/masters/q09-T3-Rs72_60-travel.pdf	d27bf7cdb76852815cff2c019dd1f6b5b3042a161179bb6a715b39bfc40d3e61	P1-c22-S17-q09-T3-Rs72_60-T-A01	P1-c22-S17-q09-T3-Rs72_60-T-A02	P1-c22-S17-q09-T3-Rs72_60-T-A03
137	P1-c22-S17-q10-T3-Rs76_60-R	22	scratch-3-S17	scratch	3	std	S17	10	T3-Rs76_60	T3	RS(76,60)	recipe	artifacts/cloakvault/m19/phase1/masters/q10-T3-Rs76_60-recipe.pdf	e3f7fe2391c0860ae1f9b233dc56ef438d643e85234a3ff6c41d79f5d0060fe3	P1-c22-S17-q10-T3-Rs76_60-R-A01	P1-c22-S17-q10-T3-Rs76_60-R-A02	P1-c22-S17-q10-T3-Rs76_60-R-A03
138	P1-c22-S17-q11-T3-Rs80_60-T	22	scratch-3-S17	scratch	3	std	S17	11	T3-Rs80_60	T3	RS(80,60)	travel	artifacts/cloakvault/m19/phase1/masters/q11-T3-Rs80_60-travel.pdf	82f2ce1789c4b0eda75a89a890e2f7aeb30e47a0b1ebb037e1902707ce5d8e2c	P1-c22-S17-q11-T3-Rs80_60-T-A01	P1-c22-S17-q11-T3-Rs80_60-T-A02	P1-c22-S17-q11-T3-Rs80_60-T-A03
139	P1-c23-S09-q00-T0-Rs72_60-T	23	scuff-1-S09	scuff	1	std	S09	00	T0-Rs72_60	T0	RS(72,60)	travel	artifacts/cloakvault/m19/phase1/masters/q00-T0-Rs72_60-travel.pdf	2473c54f38538eb92a1074dac5ac04272f29c2b36163851e6178c06ccd4cad75	P1-c23-S09-q00-T0-Rs72_60-T-A01	P1-c23-S09-q00-T0-Rs72_60-T-A02	P1-c23-S09-q00-T0-Rs72_60-T-A03
140	P1-c23-S09-q01-T0-Rs76_60-R	23	scuff-1-S09	scuff	1	std	S09	01	T0-Rs76_60	T0	RS(76,60)	recipe	artifacts/cloakvault/m19/phase1/masters/q01-T0-Rs76_60-recipe.pdf	6bf0980b521d6acc1053c97215c781487ce71e2f96363d63215b8e31dd11e3d7	P1-c23-S09-q01-T0-Rs76_60-R-A01	P1-c23-S09-q01-T0-Rs76_60-R-A02	P1-c23-S09-q01-T0-Rs76_60-R-A03
141	P1-c23-S09-q02-T0-Rs80_60-T	23	scuff-1-S09	scuff	1	std	S09	02	T0-Rs80_60	T0	RS(80,60)	travel	artifacts/cloakvault/m19/phase1/masters/q02-T0-Rs80_60-travel.pdf	5bee4160140ddedd3f2bff2ac79aa17c79a151325a5bba9d6bb32180ea9ffd0a	P1-c23-S09-q02-T0-Rs80_60-T-A01	P1-c23-S09-q02-T0-Rs80_60-T-A02	P1-c23-S09-q02-T0-Rs80_60-T-A03
142	P1-c23-S09-q09-T3-Rs72_60-R	23	scuff-1-S09	scuff	1	std	S09	09	T3-Rs72_60	T3	RS(72,60)	recipe	artifacts/cloakvault/m19/phase1/masters/q09-T3-Rs72_60-recipe.pdf	6f8502b2ecd69a8fc3d6bac2ea6edfd1b1fceb43ba5f086698083fc56239959b	P1-c23-S09-q09-T3-Rs72_60-R-A01	P1-c23-S09-q09-T3-Rs72_60-R-A02	P1-c23-S09-q09-T3-Rs72_60-R-A03
143	P1-c23-S09-q10-T3-Rs76_60-T	23	scuff-1-S09	scuff	1	std	S09	10	T3-Rs76_60	T3	RS(76,60)	travel	artifacts/cloakvault/m19/phase1/masters/q10-T3-Rs76_60-travel.pdf	3333208350f39a53f51d20d4d334b92cb03825f9cd8b7a48865518ea6c3ea993	P1-c23-S09-q10-T3-Rs76_60-T-A01	P1-c23-S09-q10-T3-Rs76_60-T-A02	P1-c23-S09-q10-T3-Rs76_60-T-A03
144	P1-c23-S09-q11-T3-Rs80_60-R	23	scuff-1-S09	scuff	1	std	S09	11	T3-Rs80_60	T3	RS(80,60)	recipe	artifacts/cloakvault/m19/phase1/masters/q11-T3-Rs80_60-recipe.pdf	0376cf6b06a9dad165fcc3f84c4bc1f19c7867dc4460707a79a7a4b535338ea5	P1-c23-S09-q11-T3-Rs80_60-R-A01	P1-c23-S09-q11-T3-Rs80_60-R-A02	P1-c23-S09-q11-T3-Rs80_60-R-A03
145	P1-c24-S10-q00-T0-Rs72_60-R	24	scuff-2-S10	scuff	2	std	S10	00	T0-Rs72_60	T0	RS(72,60)	recipe	artifacts/cloakvault/m19/phase1/masters/q00-T0-Rs72_60-recipe.pdf	188aad99a17795470f03bd936102c592b620377e9c26a070a9423d1fc6512a85	P1-c24-S10-q00-T0-Rs72_60-R-A01	P1-c24-S10-q00-T0-Rs72_60-R-A02	P1-c24-S10-q00-T0-Rs72_60-R-A03
146	P1-c24-S10-q01-T0-Rs76_60-T	24	scuff-2-S10	scuff	2	std	S10	01	T0-Rs76_60	T0	RS(76,60)	travel	artifacts/cloakvault/m19/phase1/masters/q01-T0-Rs76_60-travel.pdf	b72dc6d498a13f3aa19b0f769005fa0a788d18432ea4a481003c58c0419cec97	P1-c24-S10-q01-T0-Rs76_60-T-A01	P1-c24-S10-q01-T0-Rs76_60-T-A02	P1-c24-S10-q01-T0-Rs76_60-T-A03
147	P1-c24-S10-q02-T0-Rs80_60-R	24	scuff-2-S10	scuff	2	std	S10	02	T0-Rs80_60	T0	RS(80,60)	recipe	artifacts/cloakvault/m19/phase1/masters/q02-T0-Rs80_60-recipe.pdf	3a91074da75e06c9058cb528fce1b33f92205f4cc3250e9df4601c4ee2eb91c6	P1-c24-S10-q02-T0-Rs80_60-R-A01	P1-c24-S10-q02-T0-Rs80_60-R-A02	P1-c24-S10-q02-T0-Rs80_60-R-A03
148	P1-c24-S10-q09-T3-Rs72_60-T	24	scuff-2-S10	scuff	2	std	S10	09	T3-Rs72_60	T3	RS(72,60)	travel	artifacts/cloakvault/m19/phase1/masters/q09-T3-Rs72_60-travel.pdf	d27bf7cdb76852815cff2c019dd1f6b5b3042a161179bb6a715b39bfc40d3e61	P1-c24-S10-q09-T3-Rs72_60-T-A01	P1-c24-S10-q09-T3-Rs72_60-T-A02	P1-c24-S10-q09-T3-Rs72_60-T-A03
149	P1-c24-S10-q10-T3-Rs76_60-R	24	scuff-2-S10	scuff	2	std	S10	10	T3-Rs76_60	T3	RS(76,60)	recipe	artifacts/cloakvault/m19/phase1/masters/q10-T3-Rs76_60-recipe.pdf	e3f7fe2391c0860ae1f9b233dc56ef438d643e85234a3ff6c41d79f5d0060fe3	P1-c24-S10-q10-T3-Rs76_60-R-A01	P1-c24-S10-q10-T3-Rs76_60-R-A02	P1-c24-S10-q10-T3-Rs76_60-R-A03
150	P1-c24-S10-q11-T3-Rs80_60-T	24	scuff-2-S10	scuff	2	std	S10	11	T3-Rs80_60	T3	RS(80,60)	travel	artifacts/cloakvault/m19/phase1/masters/q11-T3-Rs80_60-travel.pdf	82f2ce1789c4b0eda75a89a890e2f7aeb30e47a0b1ebb037e1902707ce5d8e2c	P1-c24-S10-q11-T3-Rs80_60-T-A01	P1-c24-S10-q11-T3-Rs80_60-T-A02	P1-c24-S10-q11-T3-Rs80_60-T-A03
151	P1-c25-S11-q00-T0-Rs72_60-T	25	scuff-3-S11	scuff	3	std	S11	00	T0-Rs72_60	T0	RS(72,60)	travel	artifacts/cloakvault/m19/phase1/masters/q00-T0-Rs72_60-travel.pdf	2473c54f38538eb92a1074dac5ac04272f29c2b36163851e6178c06ccd4cad75	P1-c25-S11-q00-T0-Rs72_60-T-A01	P1-c25-S11-q00-T0-Rs72_60-T-A02	P1-c25-S11-q00-T0-Rs72_60-T-A03
152	P1-c25-S11-q01-T0-Rs76_60-R	25	scuff-3-S11	scuff	3	std	S11	01	T0-Rs76_60	T0	RS(76,60)	recipe	artifacts/cloakvault/m19/phase1/masters/q01-T0-Rs76_60-recipe.pdf	6bf0980b521d6acc1053c97215c781487ce71e2f96363d63215b8e31dd11e3d7	P1-c25-S11-q01-T0-Rs76_60-R-A01	P1-c25-S11-q01-T0-Rs76_60-R-A02	P1-c25-S11-q01-T0-Rs76_60-R-A03
153	P1-c25-S11-q02-T0-Rs80_60-T	25	scuff-3-S11	scuff	3	std	S11	02	T0-Rs80_60	T0	RS(80,60)	travel	artifacts/cloakvault/m19/phase1/masters/q02-T0-Rs80_60-travel.pdf	5bee4160140ddedd3f2bff2ac79aa17c79a151325a5bba9d6bb32180ea9ffd0a	P1-c25-S11-q02-T0-Rs80_60-T-A01	P1-c25-S11-q02-T0-Rs80_60-T-A02	P1-c25-S11-q02-T0-Rs80_60-T-A03
154	P1-c25-S11-q09-T3-Rs72_60-R	25	scuff-3-S11	scuff	3	std	S11	09	T3-Rs72_60	T3	RS(72,60)	recipe	artifacts/cloakvault/m19/phase1/masters/q09-T3-Rs72_60-recipe.pdf	6f8502b2ecd69a8fc3d6bac2ea6edfd1b1fceb43ba5f086698083fc56239959b	P1-c25-S11-q09-T3-Rs72_60-R-A01	P1-c25-S11-q09-T3-Rs72_60-R-A02	P1-c25-S11-q09-T3-Rs72_60-R-A03
155	P1-c25-S11-q10-T3-Rs76_60-T	25	scuff-3-S11	scuff	3	std	S11	10	T3-Rs76_60	T3	RS(76,60)	travel	artifacts/cloakvault/m19/phase1/masters/q10-T3-Rs76_60-travel.pdf	3333208350f39a53f51d20d4d334b92cb03825f9cd8b7a48865518ea6c3ea993	P1-c25-S11-q10-T3-Rs76_60-T-A01	P1-c25-S11-q10-T3-Rs76_60-T-A02	P1-c25-S11-q10-T3-Rs76_60-T-A03
156	P1-c25-S11-q11-T3-Rs80_60-R	25	scuff-3-S11	scuff	3	std	S11	11	T3-Rs80_60	T3	RS(80,60)	recipe	artifacts/cloakvault/m19/phase1/masters/q11-T3-Rs80_60-recipe.pdf	0376cf6b06a9dad165fcc3f84c4bc1f19c7867dc4460707a79a7a4b535338ea5	P1-c25-S11-q11-T3-Rs80_60-R-A01	P1-c25-S11-q11-T3-Rs80_60-R-A02	P1-c25-S11-q11-T3-Rs80_60-R-A03
157	P1-c26-S06-q00-T0-Rs72_60-R	26	water-1-S06	water	1	std	S06	00	T0-Rs72_60	T0	RS(72,60)	recipe	artifacts/cloakvault/m19/phase1/masters/q00-T0-Rs72_60-recipe.pdf	188aad99a17795470f03bd936102c592b620377e9c26a070a9423d1fc6512a85	P1-c26-S06-q00-T0-Rs72_60-R-A01	P1-c26-S06-q00-T0-Rs72_60-R-A02	P1-c26-S06-q00-T0-Rs72_60-R-A03
158	P1-c26-S06-q01-T0-Rs76_60-T	26	water-1-S06	water	1	std	S06	01	T0-Rs76_60	T0	RS(76,60)	travel	artifacts/cloakvault/m19/phase1/masters/q01-T0-Rs76_60-travel.pdf	b72dc6d498a13f3aa19b0f769005fa0a788d18432ea4a481003c58c0419cec97	P1-c26-S06-q01-T0-Rs76_60-T-A01	P1-c26-S06-q01-T0-Rs76_60-T-A02	P1-c26-S06-q01-T0-Rs76_60-T-A03
159	P1-c26-S06-q02-T0-Rs80_60-R	26	water-1-S06	water	1	std	S06	02	T0-Rs80_60	T0	RS(80,60)	recipe	artifacts/cloakvault/m19/phase1/masters/q02-T0-Rs80_60-recipe.pdf	3a91074da75e06c9058cb528fce1b33f92205f4cc3250e9df4601c4ee2eb91c6	P1-c26-S06-q02-T0-Rs80_60-R-A01	P1-c26-S06-q02-T0-Rs80_60-R-A02	P1-c26-S06-q02-T0-Rs80_60-R-A03
160	P1-c26-S06-q09-T3-Rs72_60-T	26	water-1-S06	water	1	std	S06	09	T3-Rs72_60	T3	RS(72,60)	travel	artifacts/cloakvault/m19/phase1/masters/q09-T3-Rs72_60-travel.pdf	d27bf7cdb76852815cff2c019dd1f6b5b3042a161179bb6a715b39bfc40d3e61	P1-c26-S06-q09-T3-Rs72_60-T-A01	P1-c26-S06-q09-T3-Rs72_60-T-A02	P1-c26-S06-q09-T3-Rs72_60-T-A03
161	P1-c26-S06-q10-T3-Rs76_60-R	26	water-1-S06	water	1	std	S06	10	T3-Rs76_60	T3	RS(76,60)	recipe	artifacts/cloakvault/m19/phase1/masters/q10-T3-Rs76_60-recipe.pdf	e3f7fe2391c0860ae1f9b233dc56ef438d643e85234a3ff6c41d79f5d0060fe3	P1-c26-S06-q10-T3-Rs76_60-R-A01	P1-c26-S06-q10-T3-Rs76_60-R-A02	P1-c26-S06-q10-T3-Rs76_60-R-A03
162	P1-c26-S06-q11-T3-Rs80_60-T	26	water-1-S06	water	1	std	S06	11	T3-Rs80_60	T3	RS(80,60)	travel	artifacts/cloakvault/m19/phase1/masters/q11-T3-Rs80_60-travel.pdf	82f2ce1789c4b0eda75a89a890e2f7aeb30e47a0b1ebb037e1902707ce5d8e2c	P1-c26-S06-q11-T3-Rs80_60-T-A01	P1-c26-S06-q11-T3-Rs80_60-T-A02	P1-c26-S06-q11-T3-Rs80_60-T-A03
163	P1-c27-S07-q00-T0-Rs72_60-T	27	water-2-S07	water	2	std	S07	00	T0-Rs72_60	T0	RS(72,60)	travel	artifacts/cloakvault/m19/phase1/masters/q00-T0-Rs72_60-travel.pdf	2473c54f38538eb92a1074dac5ac04272f29c2b36163851e6178c06ccd4cad75	P1-c27-S07-q00-T0-Rs72_60-T-A01	P1-c27-S07-q00-T0-Rs72_60-T-A02	P1-c27-S07-q00-T0-Rs72_60-T-A03
164	P1-c27-S07-q01-T0-Rs76_60-R	27	water-2-S07	water	2	std	S07	01	T0-Rs76_60	T0	RS(76,60)	recipe	artifacts/cloakvault/m19/phase1/masters/q01-T0-Rs76_60-recipe.pdf	6bf0980b521d6acc1053c97215c781487ce71e2f96363d63215b8e31dd11e3d7	P1-c27-S07-q01-T0-Rs76_60-R-A01	P1-c27-S07-q01-T0-Rs76_60-R-A02	P1-c27-S07-q01-T0-Rs76_60-R-A03
165	P1-c27-S07-q02-T0-Rs80_60-T	27	water-2-S07	water	2	std	S07	02	T0-Rs80_60	T0	RS(80,60)	travel	artifacts/cloakvault/m19/phase1/masters/q02-T0-Rs80_60-travel.pdf	5bee4160140ddedd3f2bff2ac79aa17c79a151325a5bba9d6bb32180ea9ffd0a	P1-c27-S07-q02-T0-Rs80_60-T-A01	P1-c27-S07-q02-T0-Rs80_60-T-A02	P1-c27-S07-q02-T0-Rs80_60-T-A03
166	P1-c27-S07-q09-T3-Rs72_60-R	27	water-2-S07	water	2	std	S07	09	T3-Rs72_60	T3	RS(72,60)	recipe	artifacts/cloakvault/m19/phase1/masters/q09-T3-Rs72_60-recipe.pdf	6f8502b2ecd69a8fc3d6bac2ea6edfd1b1fceb43ba5f086698083fc56239959b	P1-c27-S07-q09-T3-Rs72_60-R-A01	P1-c27-S07-q09-T3-Rs72_60-R-A02	P1-c27-S07-q09-T3-Rs72_60-R-A03
167	P1-c27-S07-q10-T3-Rs76_60-T	27	water-2-S07	water	2	std	S07	10	T3-Rs76_60	T3	RS(76,60)	travel	artifacts/cloakvault/m19/phase1/masters/q10-T3-Rs76_60-travel.pdf	3333208350f39a53f51d20d4d334b92cb03825f9cd8b7a48865518ea6c3ea993	P1-c27-S07-q10-T3-Rs76_60-T-A01	P1-c27-S07-q10-T3-Rs76_60-T-A02	P1-c27-S07-q10-T3-Rs76_60-T-A03
168	P1-c27-S07-q11-T3-Rs80_60-R	27	water-2-S07	water	2	std	S07	11	T3-Rs80_60	T3	RS(80,60)	recipe	artifacts/cloakvault/m19/phase1/masters/q11-T3-Rs80_60-recipe.pdf	0376cf6b06a9dad165fcc3f84c4bc1f19c7867dc4460707a79a7a4b535338ea5	P1-c27-S07-q11-T3-Rs80_60-R-A01	P1-c27-S07-q11-T3-Rs80_60-R-A02	P1-c27-S07-q11-T3-Rs80_60-R-A03
169	P1-c28-S08-q00-T0-Rs72_60-R	28	water-3-S08	water	3	std	S08	00	T0-Rs72_60	T0	RS(72,60)	recipe	artifacts/cloakvault/m19/phase1/masters/q00-T0-Rs72_60-recipe.pdf	188aad99a17795470f03bd936102c592b620377e9c26a070a9423d1fc6512a85	P1-c28-S08-q00-T0-Rs72_60-R-A01	P1-c28-S08-q00-T0-Rs72_60-R-A02	P1-c28-S08-q00-T0-Rs72_60-R-A03
170	P1-c28-S08-q01-T0-Rs76_60-T	28	water-3-S08	water	3	std	S08	01	T0-Rs76_60	T0	RS(76,60)	travel	artifacts/cloakvault/m19/phase1/masters/q01-T0-Rs76_60-travel.pdf	b72dc6d498a13f3aa19b0f769005fa0a788d18432ea4a481003c58c0419cec97	P1-c28-S08-q01-T0-Rs76_60-T-A01	P1-c28-S08-q01-T0-Rs76_60-T-A02	P1-c28-S08-q01-T0-Rs76_60-T-A03
171	P1-c28-S08-q02-T0-Rs80_60-R	28	water-3-S08	water	3	std	S08	02	T0-Rs80_60	T0	RS(80,60)	recipe	artifacts/cloakvault/m19/phase1/masters/q02-T0-Rs80_60-recipe.pdf	3a91074da75e06c9058cb528fce1b33f92205f4cc3250e9df4601c4ee2eb91c6	P1-c28-S08-q02-T0-Rs80_60-R-A01	P1-c28-S08-q02-T0-Rs80_60-R-A02	P1-c28-S08-q02-T0-Rs80_60-R-A03
172	P1-c28-S08-q09-T3-Rs72_60-T	28	water-3-S08	water	3	std	S08	09	T3-Rs72_60	T3	RS(72,60)	travel	artifacts/cloakvault/m19/phase1/masters/q09-T3-Rs72_60-travel.pdf	d27bf7cdb76852815cff2c019dd1f6b5b3042a161179bb6a715b39bfc40d3e61	P1-c28-S08-q09-T3-Rs72_60-T-A01	P1-c28-S08-q09-T3-Rs72_60-T-A02	P1-c28-S08-q09-T3-Rs72_60-T-A03
173	P1-c28-S08-q10-T3-Rs76_60-R	28	water-3-S08	water	3	std	S08	10	T3-Rs76_60	T3	RS(76,60)	recipe	artifacts/cloakvault/m19/phase1/masters/q10-T3-Rs76_60-recipe.pdf	e3f7fe2391c0860ae1f9b233dc56ef438d643e85234a3ff6c41d79f5d0060fe3	P1-c28-S08-q10-T3-Rs76_60-R-A01	P1-c28-S08-q10-T3-Rs76_60-R-A02	P1-c28-S08-q10-T3-Rs76_60-R-A03
174	P1-c28-S08-q11-T3-Rs80_60-T	28	water-3-S08	water	3	std	S08	11	T3-Rs80_60	T3	RS(80,60)	travel	artifacts/cloakvault/m19/phase1/masters/q11-T3-Rs80_60-travel.pdf	82f2ce1789c4b0eda75a89a890e2f7aeb30e47a0b1ebb037e1902707ce5d8e2c	P1-c28-S08-q11-T3-Rs80_60-T-A01	P1-c28-S08-q11-T3-Rs80_60-T-A02	P1-c28-S08-q11-T3-Rs80_60-T-A03
