q	payload_id	lineage	profile	token_length	token_sha256	token_ascii
00	T0-Rs72_60	T0	Rs72_60	116	e6ba56bfa0292affe5f0747495e0a2aa67f39eeb98b76484f005597226a6da99	222i62s62n52g42b3a7t3h953my2b6mwy7t7yq3n2xjxvfge6fwwymixi4a9aimkg8usknu6mjxg7ex3d7g72397y9mquemmmycwew3eyedrrr722452
01	T0-Rs76_60	T0	Rs76_60	122	38d85f4aa94aff7d653f211244a6a32d410716414eabedc4b1e05c8ebb9c015b	222i62s62n52g42b3a7t3h953my2b6mwy7t7yq3n2xjxvfge6fwwymixi4a9aimkg8usknu6mjxg7ex3d7g72397y9mquemmf74h57h8vaexqz6c7bieuuvu6a
02	T0-Rs80_60	T0	Rs80_60	128	ae87f22fddbf5e364552963f7d4073a7882c8abb1e68a2fd4952a17a4c3f43a5	222i62s62n52g42b3a7t3h953my2b6mwy7t7yq3n2xjxvfge6fwwymixi4a9aimkg8usknu6mjxg7ex3d7g72397y9mquemmdrgp5t4axuxsaxs2b9y7p49hc9bi8vkb
03	T1-Rs72_60	T1	Rs72_60	116	20b585654e879f21de4b20a23994fe1600172fa0ebd48044780a622b9a29f03b	42aj66sn4nd3g82t5afig98q8b9d56pqmtvhq7qrxbkd7yhyfgdxf7tkenhu2k8ju4y8sbanbm2mituwwrxq57je67j2wanprj29ifritrpwvrk6tbw2
04	T1-Rs76_60	T1	Rs76_60	122	7464e9b00ecb9503a32983092ce3438800b6efea4ded8d159d9db1b1b14a3847	42aj66sn4nd3g82t5afig98q8b9d56pqmtvhq7qrxbkd7yhyfgdxf7tkenhu2k8ju4y8sbanbm2mituwwrxq57je67j2wanpbnb5mneuynb2ketyj55pxmcgvn
05	T1-Rs80_60	T1	Rs80_60	128	edccbcbbd8641f71e2ba569e4d987538f2e9fc3657d395d13e617aa65207b01a	42aj66sn4nd3g82t5afig98q8b9d56pqmtvhq7qrxbkd7yhyfgdxf7tkenhu2k8ju4y8sbanbm2mituwwrxq57je67j2wanpb4sghxdbzpisqp83zw5277c7bb5ikx8v
06	T2-Rs72_60	T2	Rs72_60	116	c09cd5ccf0a53dea63b9485469d0e50960c95c8d244ca7f877beb428ab823c96	62ik6at66nm4gc3b7apuzkk2hh6tiuqc75tt38mbvhjwh9is8y5fukntb79gn234skms2magshuumthq4hxnnnx3iuw94aixpv82jiehfh72xgah7s2i
07	T2-Rs76_60	T2	Rs76_60	122	11bf09a48fb989c13e51166e4deef2294cc7b8388c5ad9ec45b3471dbf1d0c8b	62ik6at66nm4gc3b7apuzkk2hh6tiuqc75tt38mbvhjwh9is8y5fukntb79gn234skms2magshuumthq4hxnnnx3iuw94aixikd2eskrqzid2iv6fskt8rhmin
08	T2-Rs80_60	T2	Rs80_60	128	7f0d64cb75432b81de57014460c4ac9b38155dd3a5302e0bf173143580c14a14	62ik6at66nm4gc3b7apuzkk2hh6tiuqc75tt38mbvhjwh9is8y5fukntb79gn234skms2magshuumthq4hxnnnx3iuw94aixqsdukdg48pxjpnvzgjw877nte38dfakn
09	T3-Rs72_60	T3	Rs72_60	116	604fc27a4cb7714370b57811c148e921ca0908e752f216715aa00d0b9b35d818	82sm6etn8nv5gg3t9axt8h3r7vbem4pumfczftvtimj4dvcvv5yp8crk2inng5dpi6qxwtt23afe25scdr6jznrty946y2s8rty789c5qa3rpn3d3gwi
10	T3-Rs76_60	T3	Rs76_60	122	7354178679d626d75781441aaeda00726d66b554418a10f3306243b9cecbe10f	82sm6etn8nv5gg3t9axt8h3r7vbem4pumfczftvtimj4dvcvv5yp8crk2inng5dpi6qxwtt23afe25scdr6jznrty946y2s8bj3z2fnvfzcqx6vi5cdg38nsas
11	T3-Rs80_60	T3	Rs80_60	128	9e59903c25aa5f3d40cb8b1cdb084ba41df9fd39ea39f09d26e2c0e17b211441	82sm6etn8nv5gg3t9axt8h3r7vbem4pumfczftvtimj4dvcvv5yp8crk2inng5dpi6qxwtt23afe25scdr6jznrty946y2s838i7i2qytggq9pafwvqh8eavqenih5ue
12	T4-Rs72_60	T4	Rs72_60	116	8c81827fb0cf93bfb838bb6ebe82a4d202e3dce178a65197a1fdd10d6395a233	a32n6iu6ap56gk4bbb7y847487fqqazb2ha35dauxtxkixj6nuafcjebebacibjf9j7chvfu6u33suck9x4kah86rjbb678c3tk7p9twmhehxi5hpk72
13	T4-Rs76_60	T4	Rs76_60	122	b8d65a12501d992d2c5563919f47f601ef3f08202ae8d409e9e6e17598c47f4b	a32n6iu6ap56gk4bbb7y847487fqqazb2ha35dauxtxkixj6nuafcjebebacibjf9j7chvfu6u33suck9x4kah86rjbb678c6cr5gpebtbgw2arg259cb5szn6
14	T4-Rs80_60	T4	Rs80_60	128	b4b3fdd4103a027837f684a43f4404da57976f690fe42d17f8ce8df0d9de54c2	a32n6iu6ap56gk4bbb7y847487fqqazb2ha35dauxtxkixj6nuafcjebebacibjf9j7chvfu6u33suck9x4kah86rjbb678c6kujccnx7xb5k7jxikj2b5bm7b5uzxci
15	T5-Rs72_60	T5	Rs72_60	116	f73f1303b634eb10d8197b705eddb7649170d0c014f1cfbfeca002f65cb3e1e0	c3ap6nuncpd7gq4tdbfmm79b2ucjivpw3tvu64zhcg5cgy4hsbh44hsut3aj2p35i5ehndqspypgp5r6vfdeeur9ni3p777h8wmutj32a5cv2d3um6p2
16	T5-Rs76_60	T5	Rs76_60	122	24e005d4899dc4df19604e837de76fe1161fce591759a8d433366efbd1b1b275	c3ap6nuncpd7gq4tdbfmm79b2ucjivpw3tvu64zhcg5cgy4hsbh44hsut3aj2p35i5ehndqspypgp5r6vfdeeur9ni3p777hfz5672rp5yirxtasjfchzut4k2
17	T5-Rs80_60	T5	Rs80_60	128	a7a8e6a1f0cc59a840e5ca9c6ef05e3157433d7c3b5a7552dc5db333f2fafe70	c3ap6nuncpd7gq4tdbfmm79b2ucjivpw3tvu64zhcg5cgy4hsbh44hsut3aj2p35i5ehndqspypgp5r6vfdeeur9ni3p777huh4vrxqbf7krbi3wr7r6mzuzxhebhmwv
